E-MapReduce服务费-核数,按量计费 (小时),包月,包1年,地域
"1","0.08","40","480","亚太东南（柔佛）"
"1","0.05","25","300","华东2（上海）"
"1","0.05","25","300","华南1（广州）"
"1","0.05","25","300","华北2（北京）"
,
,
,
实例规格,vCPU,内存（GiB）,按量计费 (小时),包月,包1年,包2年,包3年,地域
"ecs.c2i.2xlarge","8","16","1.5574","760","9120","18240","27360","华北2（北京）"
"ecs.c2i.2xlarge","8","16","1.5574","760","9120","18240","27360","华南1（广州）"
"ecs.c2i.2xlarge","8","16","1.5574","760","9120","18240","27360","华东2（上海）"
"ecs.c2i.4xlarge","112","448","4.9111","2720","32640","65280","97920","亚太东南（柔佛）"
"ecs.c2i.4xlarge","112","448","3.1148","1520","18240","36480","54720","华北2（北京）"
"ecs.c2i.4xlarge","112","448","3.1148","1520","18240","36480","54720","华东2（上海）"
"ecs.c2i.4xlarge","112","448","3.1148","1520","18240","36480","54720","华南1（广州）"
"ecs.c2i.8xlarge","32","64","9.8222","5440","65280","130560","195840","亚太东南（柔佛）"
"ecs.c2i.8xlarge","32","64","6.2295","3040","36480","72960","109440","华东2（上海）"
"ecs.c2i.8xlarge","32","64","6.2295","3040","36480","72960","109440","华北2（北京）"
"ecs.c2i.8xlarge","32","64","6.2295","3040","36480","72960","109440","华南1（广州）"
"ecs.c2i.12xlarge","48","96","14.7333","8160","97920","195840","293760","亚太东南（柔佛）"
"ecs.c2i.12xlarge","48","96","9.3443","4560","54720","109440","164160","华东2（上海）"
"ecs.c2i.12xlarge","48","96","9.3443","4560","54720","109440","164160","华南1（广州）"
"ecs.c2i.12xlarge","48","96","9.3443","4560","54720","109440","164160","华北2（北京）"
"ecs.c1ie.4xlarge","16","32","2.9912","1459.71","17516.52","35033.04","52549.56","华东2（上海）"
"ecs.c1ie.4xlarge","16","32","2.9912","1459.71","17516.52","35033.04","52549.56","华北2（北京）"
"ecs.c1ie.4xlarge","16","32","2.9912","1459.71","17516.52","35033.04","52549.56","华南1（广州）"
"ecs.c1ie.8xlarge","32","64","5.9824","2919.42","35033.04","70066.08","105099.12","华东2（上海）"
"ecs.c1ie.8xlarge","32","64","5.9824","2919.42","35033.04","70066.08","105099.12","华南1（广州）"
"ecs.c1ie.8xlarge","32","64","5.9824","2919.42","35033.04","70066.08","105099.12","华北2（北京）"
"ecs.g2i.2xlarge","8","32","2.8778","1480","17760","35520","53280","亚太东南（柔佛）"
"ecs.g2i.2xlarge","8","32","2.0164","984","11808","23616","35424","华北2（北京）"
"ecs.g2i.2xlarge","8","32","2.0164","984","11808","23616","35424","华南1（广州）"
"ecs.g2i.2xlarge","8","32","2.0164","984","11808","23616","35424","华东2（上海）"
"ecs.g2i.4xlarge","16","64","5.7556","2960","35520","71040","106560","亚太东南（柔佛）"
"ecs.g2i.4xlarge","16","64","4.0328","1968","23616","47232","70848","华东2（上海）"
"ecs.g2i.4xlarge","16","64","4.0328","1968","23616","47232","70848","华南1（广州）"
"ecs.g2i.4xlarge","16","64","4.0328","1968","23616","47232","70848","华北2（北京）"
"ecs.g2i.8xlarge","32","128","11.5111","5920","71040","142080","213120","亚太东南（柔佛）"
"ecs.g2i.8xlarge","32","128","8.0656","3936","47232","94464","141696","华北2（北京）"
"ecs.g2i.8xlarge","32","128","8.0656","3936","47232","94464","141696","华南1（广州）"
"ecs.g2i.8xlarge","32","128","8.0656","3936","47232","94464","141696","华东2（上海）"
"ecs.g2i.12xlarge","48","192","12.0984","5904","70848","141696","212544","华东2（上海）"
"ecs.g2i.12xlarge","48","192","12.0984","5904","70848","141696","212544","华南1（广州）"
"ecs.g2i.12xlarge","48","192","12.0984","5904","70848","141696","212544","华北2（北京）"
"ecs.g2i.12xlarge","48","192","17.2667","8880","106560","213120","319680","亚太东南（柔佛）"
"ecs.g2i.14xlarge","56","224","18.5329","9531.2","114374.4","228748.8","343123.2","亚太东南（柔佛）"
"ecs.g2i.14xlarge","56","224","12.9856","6336.96","76043.52","152087.04","228130.56","华北2（北京）"
"ecs.g2i.14xlarge","56","224","12.9856","6336.96","76043.52","152087.04","228130.56","华东2（上海）"
"ecs.g2i.14xlarge","56","224","12.9856","6336.96","76043.52","152087.04","228130.56","华南1（广州）"
"ecs.g2i.28xlarge","112","448","28.2295","13776","165312","330624","495936","华东2（上海）"
"ecs.g2i.28xlarge","112","448","28.2295","13776","165312","330624","495936","华南1（广州）"
"ecs.g2i.28xlarge","112","448","28.2295","13776","165312","330624","495936","华北2（北京）"
"ecs.g1ie.2xlarge","8","32","1.92","935.71","11228.54","22457.09","33685.63","华东2（上海）"
"ecs.g1ie.2xlarge","8","32","1.92","935.71","11228.54","22457.09","33685.63","华南1（广州）"
"ecs.g1ie.2xlarge","8","32","1.92","935.71","11228.54","22457.09","33685.63","华北2（北京）"
"ecs.g1ie.3xlarge","12","48","2.88","1403.57","16842.82","33685.63","50528.45","华北2（北京）"
"ecs.g1ie.3xlarge","12","48","2.88","1403.57","16842.82","33685.63","50528.45","华南1（广州）"
"ecs.g1ie.3xlarge","12","48","2.88","1403.57","16842.82","33685.63","50528.45","华东2（上海）"
"ecs.g1ie.4xlarge","16","64","3.83","1871.42","22457.09","44914.18","67371.26","华东2（上海）"
"ecs.g1ie.4xlarge","16","64","3.83","1871.42","22457.09","44914.18","67371.26","华南1（广州）"
"ecs.g1ie.4xlarge","16","64","3.83","1871.42","22457.09","44914.18","67371.26","华北2（北京）"
"ecs.g1ie.8xlarge","32","128","7.67","3742.85","44914.18","89828.35","134742.53","华南1（广州）"
"ecs.g1ie.8xlarge","32","128","7.67","3742.85","44914.18","89828.35","134742.53","华北2（北京）"
"ecs.g1ie.8xlarge","32","128","7.67","3742.85","44914.18","89828.35","134742.53","华东2（上海）"
"ecs.r2i.2xlarge","8","64","2.6616","1298.88","15586.56","31173.12","46759.68","华北2（北京）"
"ecs.r2i.2xlarge","8","64","2.6616","1298.88","15586.56","31173.12","46759.68","华东2（上海）"
"ecs.r2i.2xlarge","8","64","2.6616","1298.88","15586.56","31173.12","46759.68","华南1（广州）"
"ecs.r2i.4xlarge","16","128","5.3233","2597.76","31173.12","62346.24","93519.36","华南1（广州）"
"ecs.r2i.4xlarge","16","128","5.3233","2597.76","31173.12","62346.24","93519.36","华东2（上海）"
"ecs.r2i.4xlarge","16","128","5.3233","2597.76","31173.12","62346.24","93519.36","华北2（北京）"
"ecs.r2i.8xlarge","32","256","10.6466","5195.52","62346.24","124692.48","187038.72","华南1（广州）"
"ecs.r2i.8xlarge","32","256","10.6466","5195.52","62346.24","124692.48","187038.72","华东2（上海）"
"ecs.r2i.8xlarge","32","256","10.6466","5195.52","62346.24","124692.48","187038.72","华北2（北京）"
"ecs.r2i.12xlarge","48","384","15.9698","7793.28","93519.36","187038.72","280558.08","华北2（北京）"
"ecs.r2i.12xlarge","48","384","15.9698","7793.28","93519.36","187038.72","280558.08","华东2（上海）"
"ecs.r2i.12xlarge","48","384","15.9698","7793.28","93519.36","187038.72","280558.08","华南1（广州）"
"ecs.r1ie.2xlarge","8","64","2.531","1235.14","14821.68","29643.36","44465.04","华东2（上海）"
"ecs.r1ie.2xlarge","8","64","2.531","1235.14","14821.68","29643.36","44465.04","华北2（北京）"
"ecs.r1ie.2xlarge","8","64","2.531","1235.14","14821.68","29643.36","44465.04","华南1（广州）"
"ecs.r1ie.4xlarge","16","128","5.062","2470.28","29643.36","59286.72","88930.08","华东2（上海）"
"ecs.r1ie.4xlarge","16","128","5.062","2470.28","29643.36","59286.72","88930.08","华南1（广州）"
"ecs.r1ie.4xlarge","16","128","5.062","2470.28","29643.36","59286.72","88930.08","华北2（北京）"
"ecs.r1ie.8xlarge","32","256","10.1241","4940.56","59286.72","118573.44","177860.16","华东2（上海）"
"ecs.r1ie.8xlarge","32","256","10.1241","4940.56","59286.72","118573.44","177860.16","华南1（广州）"
"ecs.r1ie.8xlarge","32","256","10.1241","4940.56","59286.72","118573.44","177860.16","华北2（北京）"
"ecs.i2.2xlarge","8","64","6.2598","3467.02","41604.22","83208.44","124812.66","亚太东南（柔佛）"
"ecs.i2.2xlarge","8","64","5.6274","2746.15","32953.84","65907.67","98861.51","华东2（上海）"
"ecs.i2.2xlarge","8","64","5.6274","2746.15","32953.84","65907.67","98861.51","华北2（北京）"
"ecs.i2.2xlarge","8","64","5.6274","2746.15","32953.84","65907.67","98861.51","华南1（广州）"
"ecs.i2.4xlarge","16","128","9.2739","5136.32","61635.88","123271.76","184907.64","亚太东南（柔佛）"
"ecs.i2.4xlarge","16","128","8.3368","4068.38","48820.5","97641","146461.5","华东2（上海）"
"ecs.i2.4xlarge","16","128","8.3368","4068.38","48820.5","97641","146461.5","华南1（广州）"
"ecs.i2.4xlarge","16","128","8.3368","4068.38","48820.5","97641","146461.5","华北2（北京）"
"ecs.i2.8xlarge","32","256","18.5478","10272.65","123271.76","246543.53","369815.29","亚太东南（柔佛）"
"ecs.i2.8xlarge","32","256","16.6737","8136.75","97641","195282","292923","华东2（上海）"
"ecs.i2.8xlarge","32","256","16.6737","8136.75","97641","195282","292923","华北2（北京）"
"ecs.i2.8xlarge","32","256","16.6737","8136.75","97641","195282","292923","华南1（广州）"
"ecs.i2.14xlarge","56","448","32.3775","17932.19","215186.27","430372.54","645558.81","亚太东南（柔佛）"
"ecs.i2.14xlarge","56","448","29.106","14203.71","170444.57","340889.14","511333.71","华南1（广州）"
"ecs.i2.14xlarge","56","448","29.106","14203.71","170444.57","340889.14","511333.71","华北2（北京）"
"ecs.i2.14xlarge","56","448","29.106","14203.71","170444.57","340889.14","511333.71","华东2（上海）"
"ecs.d2.4xlarge","16","128","7.2835","4033.94","48407.34","96814.67","145222.01","亚太东南（柔佛）"
"ecs.d2.4xlarge","16","128","5.5691","2717.74","32612.91","65225.81","97838.72","华南1（广州）"
"ecs.d2.4xlarge","16","128","5.5691","2717.74","32612.91","65225.81","97838.72","华北2（北京）"
"ecs.d2.4xlarge","16","128","5.5691","2717.74","32612.91","65225.81","97838.72","华东2（上海）"
"ecs.d2.7xlarge","28","224","14.567","8067.89","96814.67","193629.35","290444.02","亚太东南（柔佛）"
"ecs.d2.7xlarge","28","224","11.1383","5435.48","65225.81","130451.63","195677.44","华南1（广州）"
"ecs.d2.7xlarge","28","224","11.1383","5435.48","65225.81","130451.63","195677.44","华东2（上海）"
"ecs.d2.7xlarge","28","224","11.1383","5435.48","65225.81","130451.63","195677.44","华北2（北京）"
"ecs.d2.14xlarge","56","448","29.134","16135.78","193629.35","387258.69","580888.04","亚太东南（柔佛）"
"ecs.d2.14xlarge","56","448","22.2766","10870.97","130451.63","260903.25","391354.88","华北2（北京）"
"ecs.d2.14xlarge","56","448","22.2766","10870.97","130451.63","260903.25","391354.88","华东2（上海）"
"ecs.d2.14xlarge","56","448","22.2766","10870.97","130451.63","260903.25","391354.88","华南1（广州）"
"ecs.r3il.xlarge","4","32","1.9903","1031.32","12375.84","24751.68","37127.52","亚太东南（柔佛）"
"ecs.r3il.xlarge","4","32","1.3707","668.92","8027.08","16054.16","24081.24","华北2（北京）"
"ecs.r3il.xlarge","4","32","1.3707","668.92","8027.08","16054.16","24081.24","华南1（广州）"
"ecs.r3il.xlarge","4","32","1.3707","668.92","8027.08","16054.16","24081.24","华东2（上海）"
"ecs.r3il.2xlarge","8","64","2.7415","1337.85","16054.2","32108.4","48162.6","华东2（上海）"
"ecs.r3il.2xlarge","8","64","2.7415","1337.85","16054.2","32108.4","48162.6","华南1（广州）"
"ecs.r3il.2xlarge","8","64","2.7415","1337.85","16054.2","32108.4","48162.6","华北2（北京）"
"ecs.r3il.2xlarge","8","64","3.9805","2062.64","24751.68","49503.36","74255.04","亚太东南（柔佛）"
"ecs.r3il.4xlarge","16","128","7.9611","4125.28","49503.36","99006.72","148510.08","亚太东南（柔佛）"
"ecs.r3il.4xlarge","16","128","5.483","2675.69","32108.28","64216.56","96324.84","华北2（北京）"
"ecs.r3il.4xlarge","16","128","5.483","2675.69","32108.28","64216.56","96324.84","华南1（广州）"
"ecs.r3il.4xlarge","16","128","5.483","2675.69","32108.28","64216.56","96324.84","华东2（上海）"
"ecs.r3il.8xlarge","32","256","10.966","5351.39","64216.68","128433.36","192650.04","华东2（上海）"
"ecs.r3il.8xlarge","32","256","10.966","5351.39","64216.68","128433.36","192650.04","华南1（广州）"
"ecs.r3il.8xlarge","32","256","10.966","5351.39","64216.68","128433.36","192650.04","华北2（北京）"
"ecs.r3il.8xlarge","32","256","15.9221","8250.56","99006.72","198013.44","297020.16","亚太东南（柔佛）"
"ecs.r3il.12xlarge","48","384","23.8832","12375.84","148510.08","297020.16","445530.24","亚太东南（柔佛）"
"ecs.r3il.12xlarge","48","384","16.4489","8027.08","96324.96","192649.92","288974.88","华北2（北京）"
"ecs.r3il.12xlarge","48","384","16.4489","8027.08","96324.96","192649.92","288974.88","华南1（广州）"
"ecs.r3il.12xlarge","48","384","16.4489","8027.08","96324.96","192649.92","288974.88","华东2（上海）"
"ecs.r3a.xlarge","4","32","1.1687281967","570.34","6844.07","13688.14","20532.22","华东2（上海）"
"ecs.r3a.xlarge","4","32","1.1687281967","570.34","6844.07","13688.14","20532.22","华南1（广州）"
"ecs.r3a.xlarge","4","32","1.1687","570.34","6844.07","13688.15","20532.22","华北2（北京）"
"ecs.r3a.xlarge","4","32","1.8398","843.72","10124.64","20249.28","30373.93","亚太东南（柔佛）"
"ecs.r3a.2xlarge","8","64","3.6796","1687.44","20249.28","40498.57","60747.85","亚太东南（柔佛）"
"ecs.r3a.2xlarge","8","64","2.3375","1140.68","13688.14","27376.29","41064.43","华北2（北京）"
"ecs.r3a.2xlarge","8","64","2.3374563934","1140.68","13688.14","27376.29","41064.43","华南1（广州）"
"ecs.r3a.2xlarge","8","64","2.3374563934","1140.68","13688.14","27376.29","41064.43","华东2（上海）"
"ecs.r3a.4xlarge","16","128","4.6749127869","2281.36","27376.29","54752.58","82128.87","华东2（上海）"
"ecs.r3a.4xlarge","16","128","4.6749127869","2281.36","27376.29","54752.58","82128.87","华南1（广州）"
"ecs.r3a.4xlarge","16","128","4.6749","2281.36","27376.29","54752.58","82128.87","华北2（北京）"
"ecs.r3a.4xlarge","16","128","7.3591","3374.88","40498.57","80997.14","121495.71","亚太东南（柔佛）"
"ecs.r3a.8xlarge","32","256","14.7182","6749.76","80997.14","161994.28","242991.42","亚太东南（柔佛）"
"ecs.r3a.8xlarge","32","256","9.3498","4562.71","54752.58","109505.16","164257.74","华北2（北京）"
"ecs.r3a.8xlarge","32","256","9.3498255738","4562.71","54752.58","109505.16","164257.74","华南1（广州）"
"ecs.r3a.8xlarge","32","256","9.3498255738","4562.71","54752.58","109505.16","164257.74","华东2（上海）"
"ecs.r3a.12xlarge","48","384","22.0773","10124.64","121495.71","242991.42","364487.13","亚太东南（柔佛）"
"ecs.r3a.12xlarge","48","384","14.0247","6844.07","82128.87","164257.74","246386.6","华北2（北京）"
"ecs.r3a.12xlarge","48","384","14.0247383607","6844.07","82128.87","164257.74","246386.6","华南1（广州）"
"ecs.r3a.12xlarge","48","384","14.0247383607","6844.07","82128.87","164257.74","246386.6","华东2（上海）"
"ecs.r3a.16xlarge","64","512","18.6996511475","9125.43","109505.16","219010.31","328515.47","华东2（上海）"
"ecs.r3a.16xlarge","64","512","18.6996511475","9125.43","109505.16","219010.31","328515.47","华南1（广州）"
"ecs.r3a.16xlarge","64","512","18.6997","9125.43","109505.16","219010.32","328515.47","华北2（北京）"
"ecs.r3a.16xlarge","64","512","29.4365","13499.52","161994.28","323988.56","485982.84","亚太东南（柔佛）"
"ecs.r3a.24xlarge","96","768","44.1547","20249.28","242991.42","485982.84","728974.25","亚太东南（柔佛）"
"ecs.r3a.24xlarge","96","768","28.0495","13688.14","164257.74","328515.47","492773.21","华北2（北京）"
"ecs.r3a.24xlarge","96","768","28.0494767213","13688.14","164257.74","328515.47","492773.21","华南1（广州）"
"ecs.r3a.24xlarge","96","768","28.0494767213","13688.14","164257.74","328515.47","492773.21","华东2（上海）"
"ecs.r3i.xlarge","4","32","1.3707","668.92","8027.08","16054.16","24081.24","华东2（上海）"
"ecs.r3i.xlarge","4","32","1.3707","668.92","8027.08","16054.16","24081.24","华南1（广州）"
"ecs.r3i.xlarge","4","32","1.3707","668.92","8027.08","16054.16","24081.24","华北2（北京）"
"ecs.r3i.xlarge","4","32","1.9903","1031.32","12375.84","24751.68","37127.52","亚太东南（柔佛）"
"ecs.r3i.2xlarge","8","64","2.7415","1337.85","16054.16","32108.31","48162.47","华东2（上海）"
"ecs.r3i.2xlarge","8","64","2.7415","1337.85","16054.15","32108.3","48162.46","华南1（广州）"
"ecs.r3i.2xlarge","8","64","2.7415","1337.85","16054.16","32108.31","48162.47","华北2（北京）"
"ecs.r3i.2xlarge","8","64","3.9805","2062.64","24751.68","49503.36","74255.04","亚太东南（柔佛）"
"ecs.r3i.4xlarge","16","128","7.9611","4125.28","49503.36","99006.72","148510.08","亚太东南（柔佛）"
"ecs.r3i.4xlarge","16","128","5.483","2675.69","32108.31","64216.63","96324.94","华北2（北京）"
"ecs.r3i.4xlarge","16","128","5.483","2675.69","32108.32","64216.63","96324.95","华南1（广州）"
"ecs.r3i.4xlarge","16","128","5.483","2675.69","32108.31","64216.63","96324.94","华东2（上海）"
"ecs.r3i.8xlarge","32","256","10.966","5351.39","64216.63","128433.25","192649.88","华东2（上海）"
"ecs.r3i.8xlarge","32","256","10.966","5351.39","64216.63","128433.26","192649.9","华南1（广州）"
"ecs.r3i.8xlarge","32","256","10.966","5351.39","64216.63","128433.25","192649.88","华北2（北京）"
"ecs.r3i.8xlarge","32","256","15.9221","8250.56","99006.72","198013.44","297020.16","亚太东南（柔佛）"
"ecs.r3i.12xlarge","48","384","23.8832","12375.84","148510.08","297020.16","445530.24","亚太东南（柔佛）"
"ecs.r3i.12xlarge","48","384","16.4489","8027.08","96324.94","192649.88","288974.82","华北2（北京）"
"ecs.r3i.12xlarge","48","384","16.4489","8027.08","96324.94","192649.87","288974.81","华南1（广州）"
"ecs.r3i.12xlarge","48","384","16.4489","8027.08","96324.94","192649.88","288974.82","华东2（上海）"
"ecs.r3i.16xlarge","64","512","21.9319","10702.77","128433.25","256866.51","385299.76","华东2（上海）"
"ecs.r3i.16xlarge","64","512","21.9319","10702.77","128433.24","256866.48","385299.72","华南1（广州）"
"ecs.r3i.16xlarge","64","512","21.9319","10702.77","128433.25","256866.51","385299.76","华北2（北京）"
"ecs.r3i.16xlarge","64","512","31.8443","16501.12","198013.44","396026.88","594040.32","亚太东南（柔佛）"
"ecs.r3i.24xlarge","96","768","47.7664","24751.68","297020.16","594040.32","891060.48","亚太东南（柔佛）"
"ecs.r3i.24xlarge","96","768","32.8979","16054.16","192649.88","385299.76","577949.64","华北2（北京）"
"ecs.r3i.24xlarge","96","768","32.8979","16054.16","192649.92","385299.84","577949.76","华南1（广州）"
"ecs.r3i.24xlarge","96","768","32.8979","16054.16","192649.88","385299.76","577949.64","华东2（上海）"
"ecs.r3i.48xlarge","192","1536","65.7957","32108.31","385299.76","770599.53","1155899.29","华东2（上海）"
"ecs.r3i.48xlarge","192","1536","65.7957","32108.31","385299.72","770599.44","1155899.16","华南1（广州）"
"ecs.r3i.48xlarge","192","1536","65.7957","32108.31","385299.76","770599.53","1155899.29","华北2（北京）"
"ecs.r3i.48xlarge","192","1536","95.5328","49503.36","594040.32","1188080.64","1782120.96","亚太东南（柔佛）"
"ecs.c3a.4xlarge","16","32","4.1751","2087.56","25050.74","50101.48","75152.22","亚太东南（柔佛）"
"ecs.c3a.4xlarge","16","32","2.2999","1122.34","13468.14","26936.28","40404.42","华北2（北京）"
"ecs.c3a.4xlarge","16","32","2.299882","1122.34","13468.14","26936.28","40404.42","华南1（广州）"
"ecs.c3a.4xlarge","16","32","2.299882","1122.34","13468.14","26936.28","40404.42","华东2（上海）"
"ecs.c3a.8xlarge","32","64","4.599764","2244.69","26936.28","53872.56","80808.84","华东2（上海）"
"ecs.c3a.8xlarge","32","64","4.599764","2244.69","26936.28","53872.56","80808.84","华南1（广州）"
"ecs.c3a.8xlarge","32","64","4.5998","2244.69","26936.28","53872.56","80808.84","华北2（北京）"
"ecs.c3a.8xlarge","32","64","8.3502","4175.12","50101.48","100202.96","150304.44","亚太东南（柔佛）"
"ecs.c3a.12xlarge","48","96","12.5254","6262.68","75152.22","150304.44","225456.66","亚太东南（柔佛）"
"ecs.c3a.12xlarge","48","96","6.8996","3367.03","40404.42","80808.84","121213.26","华北2（北京）"
"ecs.c3a.12xlarge","48","96","6.899646","3367.03","40404.42","80808.84","121213.26","华南1（广州）"
"ecs.c3a.12xlarge","48","96","6.899646","3367.03","40404.42","80808.84","121213.26","华东2（上海）"
"ecs.c3a.16xlarge","64","128","9.199528","4489.38","53872.56","107745.12","161617.67","华东2（上海）"
"ecs.c3a.16xlarge","64","128","9.199528","4489.38","53872.56","107745.12","161617.67","华南1（广州）"
"ecs.c3a.16xlarge","64","128","9.1995","4489.38","53872.56","107745.12","161617.67","华北2（北京）"
"ecs.c3a.16xlarge","64","128","16.7005","8350.25","100202.96","200405.92","300608.87","亚太东南（柔佛）"
"ecs.c3a.24xlarge","96","192","25.0507","12525.37","150304.44","300608.88","450913.31","亚太东南（柔佛）"
"ecs.c3a.24xlarge","96","192","13.7993","6734.07","80808.84","161617.68","242426.51","华北2（北京）"
"ecs.c3a.24xlarge","96","192","13.799292","6734.07","80808.84","161617.67","242426.51","华南1（广州）"
"ecs.c3a.24xlarge","96","192","13.799292","6734.07","80808.84","161617.67","242426.51","华东2（上海）"
"ecs.c3a.32xlarge","128","256","18.399056","8978.76","107745.12","215490.23","323235.35","华东2（上海）"
"ecs.c3a.32xlarge","128","256","18.399056","8978.76","107745.12","215490.23","323235.35","华南1（广州）"
"ecs.c3a.32xlarge","128","256","18.3991","8978.76","107745.12","215490.23","323235.35","华北2（北京）"
"ecs.c3a.32xlarge","128","256","33.401","16700.49","200405.92","400811.83","601217.75","亚太东南（柔佛）"
"ecs.c3a.48xlarge","192","384","50.1015","25050.74","300608.87","601217.75","901826.62","亚太东南（柔佛）"
"ecs.c3a.48xlarge","192","384","27.5986","13468.14","161617.67","323235.35","484853.02","华北2（北京）"
"ecs.c3a.48xlarge","192","384","27.598584","13468.14","161617.67","323235.35","484853.02","华南1（广州）"
"ecs.c3a.48xlarge","192","384","27.598584","13468.14","161617.67","323235.35","484853.02","华东2（上海）"
"ecs.c3a.96xlarge","384","768","55.197168","26936.28","323235.35","646470.7","969706.05","华东2（上海）"
"ecs.c3a.96xlarge","384","768","55.197168","26936.28","323235.35","646470.7","969706.05","华南1（广州）"
"ecs.c3a.96xlarge","384","768","55.1972","26936.28","323235.35","646470.7","969706.04","华北2（北京）"
"ecs.c3a.96xlarge","384","768","100.203","50101.48","601217.75","1202435.5","1803653.24","亚太东南（柔佛）"
"ecs.c2a.4xlarge","16","32","2.1697","1058.82","12705.79","25411.58","38117.38","华北2（北京）"
"ecs.c2a.4xlarge","16","32","2.1697","1058.82","12705.79","25411.58","38117.38","华南1（广州）"
"ecs.c2a.4xlarge","16","32","2.1697","1058.82","12705.79","25411.58","38117.38","华东2（上海）"
"ecs.c2a.8xlarge","32","64","4.3394","2117.63","25411.58","50823.17","76234.75","华北2（北京）"
"ecs.c2a.8xlarge","32","64","4.3394","2117.63","25411.58","50823.17","76234.75","华南1（广州）"
"ecs.c2a.8xlarge","32","64","4.3394","2117.63","25411.58","50823.17","76234.75","华东2（上海）"
"ecs.c2a.16xlarge","64","128","8.6788","4235.26","50823.17","101646.34","152469.5","华东2（上海）"
"ecs.c2a.16xlarge","64","128","8.6788","4235.26","50823.17","101646.34","152469.5","华南1（广州）"
"ecs.c2a.16xlarge","64","128","8.6788","4235.26","50823.17","101646.34","152469.5","华北2（北京）"
"ecs.c2a.28xlarge","112","224","15.1879","7411.71","88940.54","177881.09","266821.63","华东2（上海）"
"ecs.c2a.28xlarge","112","224","15.1879","7411.71","88940.54","177881.09","266821.63","华南1（广州）"
"ecs.c2a.28xlarge","112","224","15.1879","7411.71","88940.54","177881.09","266821.63","华北2（北京）"
"ecs.c2a.56xlarge","224","448","30.3759","14823.42","177881.09","355762.18","533643.26","华北2（北京）"
"ecs.c2a.56xlarge","224","448","30.3759","14823.42","177881.09","355762.18","533643.26","华南1（广州）"
"ecs.c2a.56xlarge","224","448","30.3759","14823.42","177881.09","355762.18","533643.26","华东2（上海）"
"ecs.c3i.4xlarge","16","32","3.2082","1565.6","18787.2","37574.4","56361.6","华东2（上海）"
"ecs.c3i.4xlarge","16","32","3.2082","1565.6","18787.2","37574.4","56361.6","华南1（广州）"
"ecs.c3i.4xlarge","16","32","3.2082","1565.6","18787.2","37574.4","56361.6","华北2（北京）"
"ecs.c3i.4xlarge","16","32","5.151","2609.84","31318.08","62636.16","93954.24","亚太东南（柔佛）"
"ecs.c3i.8xlarge","32","64","10.302","5219.68","62636.16","125272.32","187908.48","亚太东南（柔佛）"
"ecs.c3i.8xlarge","32","64","6.4164","3131.2","37574.4","75148.8","112723.2","华北2（北京）"
"ecs.c3i.8xlarge","32","64","6.4164","3131.2","37574.4","75148.8","112723.2","华南1（广州）"
"ecs.c3i.8xlarge","32","64","6.4164","3131.2","37574.4","75148.8","112723.2","华东2（上海）"
"ecs.c3i.12xlarge","48","96","15.453","7829.52","93954.24","187908.48","281862.72","亚太东南（柔佛）"
"ecs.c3i.12xlarge","48","96","9.6246","4696.8","56361.6","112723.2","169084.8","华北2（北京）"
"ecs.c3i.12xlarge","48","96","9.6246","4696.8","56361.6","112723.2","169084.8","华南1（广州）"
"ecs.c3i.12xlarge","48","96","9.6246","4696.8","56361.6","112723.2","169084.8","华东2（上海）"
"ecs.c3i.16xlarge","64","128","12.8328","6262.4","75148.8","150297.6","225446.4","华东2（上海）"
"ecs.c3i.16xlarge","64","128","12.8328","6262.4","75148.8","150297.6","225446.4","华南1（广州）"
"ecs.c3i.16xlarge","64","128","12.8328","6262.4","75148.8","150297.6","225446.4","华北2（北京）"
"ecs.c3i.16xlarge","64","128","20.604","10439.36","125272.32","250544.64","375816.96","亚太东南（柔佛）"
"ecs.c3i.24xlarge","96","192","30.906","15659.04","187908.48","375816.96","563725.44","亚太东南（柔佛）"
"ecs.c3i.24xlarge","96","192","19.2492","9393.6","112723.2","225446.4","338169.6","华北2（北京）"
"ecs.c3i.24xlarge","96","192","19.2492","9393.6","112723.2","225446.4","338169.6","华南1（广州）"
"ecs.c3i.24xlarge","96","192","19.2492","9393.6","112723.2","225446.4","338169.6","华东2（上海）"
"ecs.c3i.48xlarge","192","384","38.4984","18787.2","225446.4","450892.8","676339.2","华东2（上海）"
"ecs.c3i.48xlarge","192","384","38.4984","18787.2","225446.4","450892.8","676339.2","华南1（广州）"
"ecs.c3i.48xlarge","192","384","38.4984","18787.2","225446.4","450892.8","676339.2","华北2（北京）"
"ecs.c3i.48xlarge","192","384","61.812","31318.08","375816.96","751633.92","1127450.88","亚太东南（柔佛）"
"ecs.c1ie.6xlarge","24","48","4.4868","2189.57","26274.79","52549.57","78824.36","华北2（北京）"
"ecs.c1ie.6xlarge","24","48","4.4868","2189.57","26274.79","52549.57","78824.36","华南1（广州）"
"ecs.c1ie.6xlarge","24","48","4.4868","2189.57","26274.79","52549.57","78824.36","华东2（上海）"
"ecs.c1ie.14xlarge","56","112","10.4692","5108.99","61307.88","122615.76","183923.64","华东2（上海）"
"ecs.c1ie.14xlarge","56","112","10.4692","5108.99","61307.88","122615.76","183923.64","华南1（广州）"
"ecs.c1ie.14xlarge","56","112","10.4692","5108.99","61307.88","122615.76","183923.64","华北2（北京）"
"ecs.c1ie.16xlarge","64","128","11.9648","5838.84","70066.08","140132.16","210198.24","华北2（北京）"
"ecs.c1ie.16xlarge","64","128","11.9648","5838.84","70066.08","140132.16","210198.24","华南1（广州）"
"ecs.c1ie.16xlarge","64","128","11.9648","5838.84","70066.08","140132.16","210198.24","华东2（上海）"
"ecs.c1ie.29xlarge","116","232","21.6863","10582.9","126994.8","253989.6","380984.4","华东2（上海）"
"ecs.c1ie.29xlarge","116","232","21.6863","10582.9","126994.8","253989.6","380984.4","华南1（广州）"
"ecs.c1ie.29xlarge","116","232","21.6863","10582.9","126994.8","253989.6","380984.4","华北2（北京）"
"ecs.c2i.14xlarge","56","112","15.8138","8758.4","105100.8","210201.6","315302.4","亚太东南（柔佛）"
"ecs.c2i.14xlarge","56","112","14.1721","6916","82992","165984","248976","华北2（北京）"
"ecs.c2i.14xlarge","56","112","14.1721","6916","82992","165984","248976","华南1（广州）"
"ecs.c2i.14xlarge","56","112","14.1721","6916","82992","165984","248976","华东2（上海）"
"ecs.c2i.16xlarge","64","128","16.1967","7904","94848","189696","284544","华东2（上海）"
"ecs.c2i.16xlarge","64","128","16.1967","7904","94848","189696","284544","华南1（广州）"
"ecs.c2i.16xlarge","64","128","16.1967","7904","94848","189696","284544","华北2（北京）"
"ecs.c2i.16xlarge","64","128","19.6444","10880","130560","261120","391680","亚太东南（柔佛）"
"ecs.c2i.28xlarge","112","224","34.3778","19040","228480","456960","685440","亚太东南（柔佛）"
"ecs.c2i.28xlarge","112","224","28.3443","13832","165984","331968","497952","华北2（北京）"
"ecs.c2i.28xlarge","112","224","28.3443","13832","165984","331968","497952","华南1（广州）"
"ecs.c2i.28xlarge","112","224","28.3443","13832","165984","331968","497952","华东2（上海）"
"ecs.c3il.4xlarge","16","32","3.2082","1565.6","18787.2","37574.4","56361.6","华东2（上海）"
"ecs.c3il.4xlarge","16","32","3.2082","1565.6","18787.2","37574.4","56361.6","华南1（广州）"
"ecs.c3il.4xlarge","16","32","3.2082","1565.6","18787.2","37574.4","56361.6","华北2（北京）"
"ecs.c3il.4xlarge","16","32","5.151","2609.84","31318.08","62636.16","93954.24","亚太东南（柔佛）"
"ecs.c3il.8xlarge","32","64","10.302","5219.68","62636.16","125272.32","187908.48","亚太东南（柔佛）"
"ecs.c3il.8xlarge","32","64","6.4164","3131.2","37574.4","75148.8","112723.2","华北2（北京）"
"ecs.c3il.8xlarge","32","64","6.4164","3131.2","37574.4","75148.8","112723.2","华南1（广州）"
"ecs.c3il.8xlarge","32","64","6.4164","3131.2","37574.4","75148.8","112723.2","华东2（上海）"
"ecs.c3il.12xlarge","48","96","9.6246","4696.8","56361.6","112723.2","169084.8","华东2（上海）"
"ecs.c3il.12xlarge","48","96","9.6246","4696.8","56361.6","112723.2","169084.8","华南1（广州）"
"ecs.c3il.12xlarge","48","96","9.6246","4696.8","56361.6","112723.2","169084.8","华北2（北京）"
"ecs.c3il.12xlarge","48","96","15.453","7829.52","93954.24","187908.48","281862.72","亚太东南（柔佛）"
"ecs.g1ie.14xlarge","56","224","12.35","6025.98","72311.82","144623.64","216935.46","华东2（上海）"
"ecs.g1ie.14xlarge","56","224","12.35","6025.98","72311.82","144623.64","216935.46","华南1（广州）"
"ecs.g1ie.14xlarge","56","224","12.35","6025.98","72311.82","144623.64","216935.46","华北2（北京）"
"ecs.g1ie.16xlarge","64","256","15.34","7485.7","89828.35","179656.7","269485.06","华北2（北京）"
"ecs.g1ie.16xlarge","64","256","15.34","7485.7","89828.35","179656.7","269485.06","华南1（广州）"
"ecs.g1ie.16xlarge","64","256","15.34","7485.7","89828.35","179656.7","269485.06","华东2（上海）"
"ecs.g1ie.29xlarge","116","464","27.8","13567.82","162813.84","325627.68","488441.52","华东2（上海）"
"ecs.g1ie.29xlarge","116","464","27.8","13567.82","162813.89","325627.78","488441.66","华南1（广州）"
"ecs.g1ie.29xlarge","116","464","27.8","13567.82","162813.89","325627.78","488441.66","华北2（北京）"
"ecs.g3a.2xlarge","8","32","2.8813","1304.73","15656.71","31313.42","46970.14","亚太东南（柔佛）"
"ecs.g3a.2xlarge","8","32","1.7249","841.76","10101.1","20202.21","30303.31","华北2（北京）"
"ecs.g3a.2xlarge","8","32","1.7249154098","841.76","10101.1","20202.21","30303.31","华南1（广州）"
"ecs.g3a.2xlarge","8","32","1.7249154098","841.76","10101.1","20202.21","30303.31","华东2（上海）"
"ecs.g3a.4xlarge","16","64","3.4498308197","1683.52","20202.21","40404.42","60606.63","华东2（上海）"
"ecs.g3a.4xlarge","16","64","3.4498308197","1683.52","20202.21","40404.42","60606.63","华南1（广州）"
"ecs.g3a.4xlarge","16","64","3.4498","1683.52","20202.21","40404.42","60606.63","华北2（北京）"
"ecs.g3a.4xlarge","16","64","5.7625","2609.45","31313.42","62626.85","93940.27","亚太东南（柔佛）"
"ecs.g3a.8xlarge","32","128","11.5251","5218.9","62626.85","125253.7","187880.55","亚太东南（柔佛）"
"ecs.g3a.8xlarge","32","128","6.8997","3367.03","40404.42","80808.84","121213.26","华北2（北京）"
"ecs.g3a.8xlarge","32","128","6.8996616393","3367.03","40404.42","80808.84","121213.26","华南1（广州）"
"ecs.g3a.8xlarge","32","128","6.8996616393","3367.03","40404.42","80808.84","121213.26","华东2（上海）"
"ecs.g3a.12xlarge","48","192","10.349492459","5050.55","60606.63","121213.26","181819.88","华东2（上海）"
"ecs.g3a.12xlarge","48","192","10.349492459","5050.55","60606.63","121213.26","181819.88","华南1（广州）"
"ecs.g3a.12xlarge","48","192","10.3495","5050.55","60606.63","121213.26","181819.88","华北2（北京）"
"ecs.g3a.12xlarge","48","192","17.2876","7828.36","93940.27","187880.54","281820.82","亚太东南（柔佛）"
"ecs.g3a.16xlarge","64","256","23.0502","10437.81","125253.7","250507.39","375761.09","亚太东南（柔佛）"
"ecs.g3a.16xlarge","64","256","13.7993","6734.07","80808.84","161617.68","242426.51","华北2（北京）"
"ecs.g3a.16xlarge","64","256","13.7993232787","6734.07","80808.84","161617.67","242426.51","华南1（广州）"
"ecs.g3a.16xlarge","64","256","13.7993232787","6734.07","80808.84","161617.67","242426.51","华东2（上海）"
"ecs.g3a.24xlarge","96","384","20.698984918","10101.1","121213.26","242426.51","363639.77","华东2（上海）"
"ecs.g3a.24xlarge","96","384","20.698984918","10101.1","121213.26","242426.51","363639.77","华南1（广州）"
"ecs.g3a.24xlarge","96","384","20.699","10101.1","121213.26","242426.51","363639.77","华北2（北京）"
"ecs.g3a.24xlarge","96","384","34.5752","15656.71","187880.55","375761.09","563641.64","亚太东南（柔佛）"
"ecs.g3a.32xlarge","128","512","46.1003","20875.62","250507.4","501014.79","751522.19","亚太东南（柔佛）"
"ecs.g3a.32xlarge","128","512","27.5986","13468.14","161617.67","323235.35","484853.02","华北2（北京）"
"ecs.g3a.32xlarge","128","512","27.5986465574","13468.14","161617.67","323235.35","484853.02","华南1（广州）"
"ecs.g3a.32xlarge","128","512","27.5986465574","13468.14","161617.67","323235.35","484853.02","华东2（上海）"
"ecs.g3a.48xlarge","192","768","41.3979698361","20202.21","242426.51","484853.02","727279.53","华东2（上海）"
"ecs.g3a.48xlarge","192","768","41.3979698361","20202.21","242426.51","484853.02","727279.53","华南1（广州）"
"ecs.g3a.48xlarge","192","768","41.398","20202.21","242426.51","484853.02","727279.53","华北2（北京）"
"ecs.g3a.48xlarge","192","768","69.1505","31313.42","375761.09","751522.19","1127283.28","亚太东南（柔佛）"
"ecs.g2a.2xlarge","8","32","1.6273","794.11","9529.32","19058.64","28587.96","华北2（北京）"
"ecs.g2a.2xlarge","8","32","1.6273","794.11","9529.32","19058.64","28587.96","华南1（广州）"
"ecs.g2a.2xlarge","8","32","1.6273","794.11","9529.32","19058.64","28587.96","华东2（上海）"
"ecs.g2a.4xlarge","16","64","3.2546","1588.22","19058.64","38117.28","57175.92","华东2（上海）"
"ecs.g2a.4xlarge","16","64","3.2546","1588.22","19058.64","38117.28","57175.92","华南1（广州）"
"ecs.g2a.4xlarge","16","64","3.2546","1588.22","19058.64","38117.28","57175.92","华北2（北京）"
"ecs.g2a.8xlarge","32","128","6.5091","3176.45","38117.4","76234.8","114352.2","华北2（北京）"
"ecs.g2a.8xlarge","32","128","6.5091","3176.45","38117.4","76234.8","114352.2","华南1（广州）"
"ecs.g2a.8xlarge","32","128","6.5091","3176.45","38117.4","76234.8","114352.2","华东2（上海）"
"ecs.g2a.16xlarge","64","256","13.0182","6352.9","76234.8","152469.6","228704.4","华东2（上海）"
"ecs.g2a.16xlarge","64","256","13.0182","6352.9","76234.8","152469.6","228704.4","华南1（广州）"
"ecs.g2a.16xlarge","64","256","13.0182","6352.9","76234.8","152469.6","228704.4","华北2（北京）"
"ecs.g2a.24xlarge","96","384","19.5273","9529.34","114352.13","228704.26","343056.38","华北2（北京）"
"ecs.g2a.24xlarge","96","384","19.5273","9529.34","114352.13","228704.26","343056.38","华南1（广州）"
"ecs.g2a.24xlarge","96","384","19.5273","9529.34","114352.13","228704.26","343056.38","华东2（上海）"
"ecs.g2a.28xlarge","112","448","22.7819","11117.57","133410.84","266821.68","400232.52","华东2（上海）"
"ecs.g2a.28xlarge","112","448","22.7819","11117.57","133410.84","266821.68","400232.52","华南1（广州）"
"ecs.g2a.28xlarge","112","448","22.7819","11117.57","133410.84","266821.68","400232.52","华北2（北京）"
"ecs.g2a.56xlarge","224","896","45.5638","22235.14","266821.68","533643.36","800465.04","华北2（北京）"
"ecs.g2a.56xlarge","224","896","45.5638","22235.14","266821.68","533643.36","800465.04","华南1（广州）"
"ecs.g2a.56xlarge","224","896","45.5638","22235.14","266821.68","533643.36","800465.04","华东2（上海）"
"ecs.g3i.2xlarge","8","32","2.0769","1013.52","12162.24","24324.48","36486.72","华东2（上海）"
"ecs.g3i.2xlarge","8","32","2.0769","1013.52","12162.24","24324.48","36486.72","华南1（广州）"
"ecs.g3i.2xlarge","8","32","2.0769","1013.52","12162.24","24324.48","36486.72","华北2（北京）"
"ecs.g3i.2xlarge","8","32","3.1555","1673.14","20077.68","40155.36","60233.04","亚太东南（柔佛）"
"ecs.g3i.4xlarge","16","64","6.311","3346.28","40155.36","80310.72","120466.08","亚太东南（柔佛）"
"ecs.g3i.4xlarge","16","64","4.1538","2027.04","24324.48","48648.96","72973.44","华北2（北京）"
"ecs.g3i.4xlarge","16","64","4.1538","2027.04","24324.48","48648.96","72973.44","华南1（广州）"
"ecs.g3i.4xlarge","16","64","4.1538","2027.04","24324.48","48648.96","72973.44","华东2（上海）"
"ecs.g3i.8xlarge","32","128","8.3076","4054.08","48648.96","97297.92","145946.88","华东2（上海）"
"ecs.g3i.8xlarge","32","128","8.3076","4054.08","48648.96","97297.92","145946.88","华南1（广州）"
"ecs.g3i.8xlarge","32","128","8.3076","4054.08","48648.96","97297.92","145946.88","华北2（北京）"
"ecs.g3i.8xlarge","32","128","12.6219","6692.56","80310.72","160621.44","240932.16","亚太东南（柔佛）"
"ecs.g3i.12xlarge","48","192","18.9329","10038.84","120466.08","240932.16","361398.24","亚太东南（柔佛）"
"ecs.g3i.12xlarge","48","192","12.4614","6081.12","72973.44","145946.88","218920.32","华北2（北京）"
"ecs.g3i.12xlarge","48","192","12.4614","6081.12","72973.44","145946.88","218920.32","华南1（广州）"
"ecs.g3i.12xlarge","48","192","12.4614","6081.12","72973.44","145946.88","218920.32","华东2（上海）"
"ecs.g3i.16xlarge","64","256","16.6151","8108.16","97297.92","194595.84","291893.76","华东2（上海）"
"ecs.g3i.16xlarge","64","256","16.6151","8108.16","97297.92","194595.84","291893.76","华南1（广州）"
"ecs.g3i.16xlarge","64","256","16.6151","8108.16","97297.92","194595.84","291893.76","华北2（北京）"
"ecs.g3i.16xlarge","64","256","25.2439","13385.12","160621.44","321242.88","481864.32","亚太东南（柔佛）"
"ecs.g3i.24xlarge","96","384","37.8658","20077.68","240932.16","481864.32","722796.48","亚太东南（柔佛）"
"ecs.g3i.24xlarge","96","384","24.9227","12162.24","145946.88","291893.76","437840.64","华北2（北京）"
"ecs.g3i.24xlarge","96","384","24.9227","12162.24","145946.88","291893.76","437840.64","华南1（广州）"
"ecs.g3i.24xlarge","96","384","24.9227","12162.24","145946.88","291893.76","437840.64","华东2（上海）"
"ecs.g3i.48xlarge","192","768","49.8454","24324.48","291893.76","583787.52","875681.28","华东2（上海）"
"ecs.g3i.48xlarge","192","768","49.8454","24324.48","291893.76","583787.52","875681.28","华南1（广州）"
"ecs.g3i.48xlarge","192","768","49.8454","24324.48","291893.76","583787.52","875681.28","华北2（北京）"
"ecs.g3i.48xlarge","192","768","75.7316","40155.36","481864.32","963728.64","1445592.96","亚太东南（柔佛）"
"ecs.g2i.16xlarge","64","256","23.0222","11840","142080","284160","426240","亚太东南（柔佛）"
"ecs.g2i.16xlarge","64","256","16.1311","7872","94464","188928","283392","华北2（北京）"
"ecs.g2i.16xlarge","64","256","16.1311","7872","94464","188928","283392","华南1（广州）"
"ecs.g2i.16xlarge","64","256","16.1311","7872","94464","188928","283392","华东2（上海）"
"ecs.g3il.2xlarge","8","32","2.0769","1013.52","12162.24","24324.48","36486.72","华东2（上海）"
"ecs.g3il.2xlarge","8","32","2.0769","1013.52","12162.24","24324.48","36486.72","华南1（广州）"
"ecs.g3il.2xlarge","8","32","2.0769","1013.52","12162.24","24324.48","36486.72","华北2（北京）"
"ecs.g3il.2xlarge","8","32","3.1555","1673.14","20077.68","40155.36","60233.04","亚太东南（柔佛）"
"ecs.g3il.4xlarge","16","64","6.311","3346.28","40155.36","80310.72","120466.08","亚太东南（柔佛）"
"ecs.g3il.4xlarge","16","64","4.1538","2027.04","24324.48","48648.96","72973.44","华北2（北京）"
"ecs.g3il.4xlarge","16","64","4.1538","2027.04","24324.48","48648.96","72973.44","华南1（广州）"
"ecs.g3il.4xlarge","16","64","4.1538","2027.04","24324.48","48648.96","72973.44","华东2（上海）"
"ecs.g3il.8xlarge","32","128","8.3076","4054.08","48648.96","97297.92","145946.88","华东2（上海）"
"ecs.g3il.8xlarge","32","128","8.3076","4054.08","48648.96","97297.92","145946.88","华南1（广州）"
"ecs.g3il.8xlarge","32","128","8.3076","4054.08","48648.96","97297.92","145946.88","华北2（北京）"
"ecs.g3il.8xlarge","32","128","12.6219","6692.56","80310.72","160621.44","240932.16","亚太东南（柔佛）"
"ecs.g3il.12xlarge","48","192","18.9329","10038.84","120466.08","240932.16","361398.24","亚太东南（柔佛）"
"ecs.g3il.12xlarge","48","192","12.4614","6081.12","72973.44","145946.88","218920.32","华北2（北京）"
"ecs.g3il.12xlarge","48","192","12.4614","6081.12","72973.44","145946.88","218920.32","华南1（广州）"
"ecs.g3il.12xlarge","48","192","12.4614","6081.12","72973.44","145946.88","218920.32","华东2（上海）"
"ecs.g3il.16xlarge","64","256","16.6151","8108.16","97297.92","194595.84","291893.76","华东2（上海）"
"ecs.g3il.16xlarge","64","256","16.6151","8108.16","97297.92","194595.84","291893.76","华南1（广州）"
"ecs.g3il.16xlarge","64","256","16.6151","8108.16","97297.92","194595.84","291893.76","华北2（北京）"
"ecs.g3il.16xlarge","64","256","25.2439","13385.12","160621.44","321242.88","481864.32","亚太东南（柔佛）"
"ecs.g3il.23xlarge","92","368","41.8245","22176.71","266120.52","532241.04","798361.57","亚太东南（柔佛）"
"ecs.g3il.23xlarge","92","368","27.5282","13433.75","161205","322410","483615","华北2（北京）"
"ecs.g3il.23xlarge","92","368","27.5282","13433.75","161205","322410","483615","华南1（广州）"
"ecs.g3il.23xlarge","92","368","27.5282","13433.75","161205","322410","483615","华东2（上海）"
"ecs.g3il.45xlarge","180","720","55.0565","26867.5","322410","644820","967230","华东2（上海）"
"ecs.g3il.45xlarge","180","720","55.0565","26867.5","322410","644820","967230","华南1（广州）"
"ecs.g3il.45xlarge","180","720","55.0565","26867.5","322410","644820","967230","华北2（北京）"
"ecs.g3il.45xlarge","180","720","83.6491","44353.42","532241.04","1064482.09","1596723.13","亚太东南（柔佛）"
"ecs.i3s.3xlarge","12","96","5.3671","2619.15","31429.8","62859.6","94289.4","华东2（上海）"
"ecs.i3s.3xlarge","12","96","5.3671","2619.15","31429.8","62859.6","94289.4","华南1（广州）"
"ecs.i3s.3xlarge","12","96","5.3671","2619.15","31429.8","62859.6","94289.4","华北2（北京）"
"ecs.i3s.3xlarge","12","96","7.0229","3370.98","40451.78","80903.56","121355.34","亚太东南（柔佛）"
"ecs.i3s.6xlarge","24","192","14.0458","6741.96","80903.56","161807.13","242710.69","亚太东南（柔佛）"
"ecs.i3s.6xlarge","24","192","10.7342","5238.3","62859.6","125719.2","188578.8","华北2（北京）"
"ecs.i3s.6xlarge","24","192","10.7342","5238.3","62859.6","125719.2","188578.8","华南1（广州）"
"ecs.i3s.6xlarge","24","192","10.7342","5238.3","62859.6","125719.2","188578.8","华东2（上海）"
"ecs.i3s.12xlarge","48","384","21.4684","10476.6","125719.2","251438.4","377157.6","华东2（上海）"
"ecs.i3s.12xlarge","48","384","21.4684","10476.6","125719.2","251438.4","377157.6","华南1（广州）"
"ecs.i3s.12xlarge","48","384","21.4684","10476.6","125719.2","251438.4","377157.6","华北2（北京）"
"ecs.i3s.12xlarge","48","384","28.0915","13483.93","161807.13","323614.25","485421.38","亚太东南（柔佛）"
"ecs.i3s.24xlarge","96","768","56.183","26967.85","323614.25","647228.51","970842.76","亚太东南（柔佛）"
"ecs.i3s.24xlarge","96","768","42.9369","20953.2","251438.4","502876.8","754315.2","华北2（北京）"
"ecs.i3s.24xlarge","96","768","42.9369","20953.2","251438.4","502876.8","754315.2","华南1（广州）"
"ecs.i3s.24xlarge","96","768","42.9369","20953.2","251438.4","502876.8","754315.2","华东2（上海）"
"ecs.d2.28xlarge","112","896","44.5532","21741.94","260903.25","521806.5","782709.75","华东2（上海）"
"ecs.d2.28xlarge","112","896","44.5532","21741.94","260903.25","521806.5","782709.75","华南1（广州）"
"ecs.d2.28xlarge","112","896","44.5532","21741.94","260903.25","521806.5","782709.75","华北2（北京）"
"ecs.d2.28xlarge","112","896","58.268","32271.56","387258.69","774517.39","1161776.08","亚太东南（柔佛）"
,
,
,
类型,按量计费 (小时),包月,包1年,包2年,包3年,地域
"数据盘-极速型SSD FlexPL","0.0033","1.5","18","36","54","亚太东南（柔佛）"
"数据盘-极速型SSD FlexPL","0.0021","1","12","24","36","华东2（上海）"
"数据盘-极速型SSD FlexPL","0.0021","1","12","24","36","华南1（广州）"
"数据盘-极速型SSD FlexPL","0.0021","1","12","24","36","华北2（北京）"
"数据盘-极速型SSD PL0","0.00165","0.75","9","18","27","亚太东南（柔佛）"
"数据盘-极速型SSD PL0","0.00105","0.5","6","12","18","华东2（上海）"
"数据盘-极速型SSD PL0","0.00105","0.5","6","12","18","华南1（广州）"
"数据盘-极速型SSD PL0","0.00105","0.5","6","12","18","华北2（北京）"
,
,
,
类型,按量计费 (小时),包月,包1年,包2年,包3年,地域
"系统盘-极速型SSD FlexPL","0.0033","1.5","18","36","54","亚太东南（柔佛）"
"系统盘-极速型SSD FlexPL","0.0021","1","12","24","36","华东2（上海）"
"系统盘-极速型SSD FlexPL","0.0021","1","12","24","36","华南1（广州）"
"系统盘-极速型SSD FlexPL","0.0021","1","12","24","36","华北2（北京）"
"系统盘-极速型SSD PL0","0.00165","0.75","9","18","27","亚太东南（柔佛）"
"系统盘-极速型SSD PL0","0.00105","0.5","6","12","18","华东2（上海）"
"系统盘-极速型SSD PL0","0.00105","0.5","6","12","18","华北2（北京）"
"系统盘-极速型SSD PL0","0.00105","0.5","6","12","18","华南1（广州）"