实例类型,规格,业务写流量峰值（MB/s）,业务读流量峰值（MB/s）,topic数,分区数,group数,按量付费（小时）,包月,包1年,包2年,包3年
"BMQ实例","bmq.standard","50","50","200","200","400","6.02","3932.79","47193.48","94386.96","141580.44"
"BMQ实例","bmq.xlarge","100","100","400","400","800","9.71","6358.5","76302","152604","228906"
"BMQ实例","bmq.2xlarge","200","200","800","800","1600","20.007","13108.5","157302","314604","471906"
"BMQ实例","bmq.3xlarge","300","300","1200","1200","2400","24.921","16366.5","196398","392796","589194"
"BMQ实例","bmq.6xlarge","600","600","2400","2400","4800","28.206","18706.5","224478","448956","673434"
"BMQ实例","bmq.8xlarge","800","800","3200","3200","6400","30.348","20236.5","242838","485676","728514"
"BMQ实例","bmq.10xlarge","1000","1000","4000","4000","8000","32.625","21874.5","262494","524988","787482"
"BMQ实例","bmq.12xlarge","1200","1200","4800","4800","9600","38.32","25785","309420","618840","928260"
"BMQ实例","bmq.15xlarge","1500","1500","6000","6000","12000","41.97","28385","340620","681240","1021860"
"BMQ实例","bmq.20xlarge","2000","2000","8000","8000","16000","48.3","32925","395100","790200","1185300"
"BMQ实例","bmq.40xlarge","4000","4000","16000","16000","32000","133.984","88120","1057440","2114880","3172320"

实例类型,规格,最大连接数,推荐TPS,按量付费（小时）,包月,包1年,包2年,包3年
"MQTT实例","mqtt.2k","2000","2000","10.42","7500","90000","180000","270000"
"MQTT实例","mqtt.5k","5000","5000","17.37","12500","150000","300000","450000"
"MQTT实例","mqtt.10k","10000","10000","28.94","20833","249996","499992","749988"
"MQTT实例","mqtt.20k","20000","20000","43.99","31667","380004","760008","1140012"
"MQTT实例","mqtt.50k","50000","50000","78.71","56667","680004","1360008","2040012"
"MQTT实例","mqtt.100k","100000","100000","138.89","100000","1200000","2400000","3600000"
"MQTT实例","mqtt.200k","200000","200000","254.63","183333","2199996","4399992","6599988"
"MQTT实例","mqtt.500k","500000","500000","439.82","316667","3800004","7600008","11400012"
"MQTT实例","mqtt.1000k","1000000","1000000","810.19","583333","6999996","13999992","20999988"

产品名称,计费单元,定价单元,刊例价-按量
"云原生消息引擎","cfs存储空间","元/GB/小时","0.000136"
