计费项,说明,地域
"节点规格","SQL Server 主实例和只读实例节点规格的费用。计费方式为包年包月或按量计费。",-
"存储空间","SQL Server 实例存储空间的费用。计费方式为包年包月或按量计费。",-
,
,
,
类型,规格类型,节点规格,按量计费（元/小时）,包月,包1年,包2年,包3年,地域
"标准版-高可用","独享型","rds.mssql.se.ha.x8.2c16g","6.5","3120","37440","74880","112320","华东2（上海）"
"标准版-高可用","独享型","rds.mssql.se.ha.x8.2c16g","6.5","3120","37440","74880","112320","华南1（广州）"
"标准版-高可用","独享型","rds.mssql.se.ha.x8.2c16g","6.5","3120","37440","74880","112320","华北2（北京）"
" 标准版-高可用","独享型","rds.mssql.se.ha.x8.4c32g","13","6240","74880","149760","224640","华东2（上海）"
" 标准版-高可用","独享型","rds.mssql.se.ha.x8.4c32g","13","6240","74880","149760","224640","华南1（广州）"
" 标准版-高可用","独享型","rds.mssql.se.ha.x8.4c32g","13","6240","74880","149760","224640","华北2（北京）"
" 标准版-高可用","独享型","rds.mssql.se.ha.x8.8c64g","26","12480","149760","299520","449280","华东2（上海）"
" 标准版-高可用","独享型","rds.mssql.se.ha.x8.8c64g","26","12480","149760","299520","449280","华南1（广州）"
" 标准版-高可用","独享型","rds.mssql.se.ha.x8.8c64g","26","12480","149760","299520","449280","华北2（北京）"
" 标准版-高可用","独享型","rds.mssql.se.ha.x8.16c128g","52","24960","299520","599040","898560","华东2（上海）"
" 标准版-高可用","独享型","rds.mssql.se.ha.x8.16c128g","52","24960","299520","599040","898560","华南1（广州）"
" 标准版-高可用","独享型","rds.mssql.se.ha.x8.16c128g","52","24960","299520","599040","898560","华北2（北京）"
" 标准版-高可用","独享型","rds.mssql.se.ha.x8.24c192g","78","37440","449280","898560","1347840","华东2（上海）"
" 标准版-高可用","独享型","rds.mssql.se.ha.x8.24c192g","78","37440","449280","898560","1347840","华南1（广州）"
" 标准版-高可用","独享型","rds.mssql.se.ha.x8.24c192g","78","37440","449280","898560","1347840","华北2（北京）"
" 标准版-高可用","独享Ⅱ型","rds.mssql.3il.x8.medium.s2","6.5","3120","37440","74880","112320","华东2（上海）"
" 标准版-高可用","独享Ⅱ型","rds.mssql.3il.x8.medium.s2","11.05","5304","63648","127296","190944","中国香港"
" 标准版-高可用","独享Ⅱ型","rds.mssql.3il.x8.medium.s2","6.5","3120","37440","74880","112320","华南1（广州）"
" 标准版-高可用","独享Ⅱ型","rds.mssql.3il.x8.medium.s2","6.5","3120","37440","74880","112320","华北2（北京）"
" 标准版-高可用","独享Ⅱ型","rds.mssql.3il.x8.medium.s2","11.7","5616","67392","134784","202176","亚太东南（雅加达）"
" 标准版-高可用","独享Ⅱ型","rds.mssql.3il.x8.medium.s2","9.75","4680","56160","112320","168480","亚太东南（柔佛）"
" 标准版-高可用","独享Ⅱ型","rds.mssql.3il.x8.large.s2","13","6240","74880","149760","224640","华东2（上海）"
" 标准版-高可用","独享Ⅱ型","rds.mssql.3il.x8.large.s2","22.1","10608","127296","254592","381888","中国香港"
" 标准版-高可用","独享Ⅱ型","rds.mssql.3il.x8.large.s2","13","6240","74880","149760","224640","华南1（广州）"
" 标准版-高可用","独享Ⅱ型","rds.mssql.3il.x8.large.s2","13","6240","74880","149760","224640","华北2（北京）"
" 标准版-高可用","独享Ⅱ型","rds.mssql.3il.x8.large.s2","23.4","11232","134784","269568","404352","亚太东南（雅加达）"
" 标准版-高可用","独享Ⅱ型","rds.mssql.3il.x8.large.s2","19.5","9360","112320","224640","336960","亚太东南（柔佛）"
" 标准版-高可用","独享Ⅱ型","rds.mssql.3il.x8.xlarge.s2","26","12480","149760","299520","449280","华东2（上海）"
" 标准版-高可用","独享Ⅱ型","rds.mssql.3il.x8.xlarge.s2","44.2","21216","254592","509184","763776","中国香港"
" 标准版-高可用","独享Ⅱ型","rds.mssql.3il.x8.xlarge.s2","26","12480","149760","299520","449280","华南1（广州）"
" 标准版-高可用","独享Ⅱ型","rds.mssql.3il.x8.xlarge.s2","26","12480","149760","299520","449280","华北2（北京）"
" 标准版-高可用","独享Ⅱ型","rds.mssql.3il.x8.xlarge.s2","46.8","22464","269568","539136","808704","亚太东南（雅加达）"
" 标准版-高可用","独享Ⅱ型","rds.mssql.3il.x8.xlarge.s2","39","18720","224640","449280","673920","亚太东南（柔佛）"
" 标准版-高可用","独享Ⅱ型","rds.mssql.3il.x8.2xlarge.s2","52","24960","299520","599040","898560","华东2（上海）"
" 标准版-高可用","独享Ⅱ型","rds.mssql.3il.x8.2xlarge.s2","88.4","42432","509184","1018368","1527552","中国香港"
" 标准版-高可用","独享Ⅱ型","rds.mssql.3il.x8.2xlarge.s2","52","24960","299520","599040","898560","华南1（广州）"
" 标准版-高可用","独享Ⅱ型","rds.mssql.3il.x8.2xlarge.s2","52","24960","299520","599040","898560","华北2（北京）"
" 标准版-高可用","独享Ⅱ型","rds.mssql.3il.x8.2xlarge.s2","93.6","44928","539136","1078272","1617408","亚太东南（雅加达）"
" 标准版-高可用","独享Ⅱ型","rds.mssql.3il.x8.2xlarge.s2","78","37440","449280","898560","1347840","亚太东南（柔佛）"
" 标准版-高可用","独享Ⅱ型","rds.mssql.3il.x8.3xlarge.s2","78","37440","449280","898560","1347840","华东2（上海）"
" 标准版-高可用","独享Ⅱ型","rds.mssql.3il.x8.3xlarge.s2","132.6","63648","763776","1527552","2291328","中国香港"
" 标准版-高可用","独享Ⅱ型","rds.mssql.3il.x8.3xlarge.s2","78","37440","449280","898560","1347840","华南1（广州）"
" 标准版-高可用","独享Ⅱ型","rds.mssql.3il.x8.3xlarge.s2","78","37440","449280","898560","1347840","华北2（北京）"
" 标准版-高可用","独享Ⅱ型","rds.mssql.3il.x8.3xlarge.s2","234","112320","1347840","2695680","4043520","亚太东南（雅加达）"
" 标准版-高可用","独享Ⅱ型","rds.mssql.3il.x8.3xlarge.s2","117","56160","673920","1347840","2021760","亚太东南（柔佛）"
" 标准版-高可用","通用型","rds.mssql.se.ha.d2.2c4g","2.1","1008","12096","24192","36288","华北2（北京）"
" 标准版-高可用","通用型","rds.mssql.se.ha.d2.2c4g","2.1","1008","12096","24192","36288","华南1（广州）"
" 标准版-高可用","通用型","rds.mssql.se.ha.d2.2c4g","2.1","1008","12096","24192","36288","华东2（上海）"
" 标准版-高可用","通用型","rds.mssql.se.ha.d2.4c8g","4.2","2016","24192","48384","72576","华北2（北京）"
" 标准版-高可用","通用型","rds.mssql.se.ha.d2.4c8g","4.2","2016","24192","48384","72576","华南1（广州）"
" 标准版-高可用","通用型","rds.mssql.se.ha.d2.4c8g","4.2","2016","24192","48384","72576","华东2（上海）"
" 标准版-高可用","通用型","rds.mssql.se.ha.d2.8c16g","8.4","4032","48384","96768","145152","华东2（上海）"
" 标准版-高可用","通用型","rds.mssql.se.ha.d2.8c16g","8.4","4032","48384","96768","145152","华南1（广州）"
" 标准版-高可用","通用型","rds.mssql.se.ha.d2.8c16g","8.4","4032","48384","96768","145152","华北2（北京）"
" 标准版-高可用","通用型","rds.mssql.se.ha.d2.16c32g","16.8","8064","96768","193536","290304","华东2（上海）"
" 标准版-高可用","通用型","rds.mssql.se.ha.d2.16c32g","16.8","8064","96768","193536","290304","华南1（广州）"
" 标准版-高可用","通用型","rds.mssql.se.ha.d2.16c32g","16.8","8064","96768","193536","290304","华北2（北京）"
" 标准版-高可用","通用型","rds.mssql.se.ha.d4.2c8g","3.6","1728","20736","41472","62208","华东2（上海）"
" 标准版-高可用","通用型","rds.mssql.se.ha.d4.2c8g","3.6","1728","20736","41472","62208","华南1（广州）"
" 标准版-高可用","通用型","rds.mssql.se.ha.d4.2c8g","3.6","1728","20736","41472","62208","华北2（北京）"
" 标准版-高可用","通用型","rds.mssql.se.ha.d4.4c16g","7.2","3456","41472","82944","124416","华东2（上海）"
" 标准版-高可用","通用型","rds.mssql.se.ha.d4.4c16g","7.2","3456","41472","82944","124416","华南1（广州）"
" 标准版-高可用","通用型","rds.mssql.se.ha.d4.4c16g","7.2","3456","41472","82944","124416","华北2（北京）"
" 标准版-高可用","通用型","rds.mssql.se.ha.d4.8c32g","14.4","6912","82944","165888","248832","华东2（上海）"
" 标准版-高可用","通用型","rds.mssql.se.ha.d4.8c32g","14.4","6912","82944","165888","248832","华南1（广州）"
" 标准版-高可用","通用型","rds.mssql.se.ha.d4.8c32g","14.4","6912","82944","165888","248832","华北2（北京）"
" 标准版-高可用","通用型","rds.mssql.se.ha.d4.16c64g","28.8","13824","165888","331776","497664","华东2（上海）"
" 标准版-高可用","通用型","rds.mssql.se.ha.d4.16c64g","28.8","13824","165888","331776","497664","华南1（广州）"
" 标准版-高可用","通用型","rds.mssql.se.ha.d4.16c64g","28.8","13824","165888","331776","497664","华北2（北京）"
" 标准版-高可用","通用Ⅱ型","rds.mssql.3il.s2.medium.s2","2.1","1008","12096","24192","36288","华东2（上海）"
" 标准版-高可用","通用Ⅱ型","rds.mssql.3il.s2.medium.s2","3.57","1714","20568","41136","61704","中国香港"
" 标准版-高可用","通用Ⅱ型","rds.mssql.3il.s2.medium.s2","2.1","1008","12096","24192","36288","华南1（广州）"
" 标准版-高可用","通用Ⅱ型","rds.mssql.3il.s2.medium.s2","2.1","1008","12096","24192","36288","华北2（北京）"
" 标准版-高可用","通用Ⅱ型","rds.mssql.3il.s2.medium.s2","5.67","2722","32664","65328","97992","亚太东南（雅加达）"
" 标准版-高可用","通用Ⅱ型","rds.mssql.3il.s2.medium.s2","3.78","1814","21768","43536","65304","亚太东南（柔佛）"
" 标准版-高可用","通用Ⅱ型","rds.mssql.3il.s2.large.s2","4.2","2016","24192","48384","72576","华东2（上海）"
" 标准版-高可用","通用Ⅱ型","rds.mssql.3il.s2.large.s2","7.14","3427","41124","82248","123372","中国香港"
" 标准版-高可用","通用Ⅱ型","rds.mssql.3il.s2.large.s2","4.2","2016","24192","48384","72576","华南1（广州）"
" 标准版-高可用","通用Ⅱ型","rds.mssql.3il.s2.large.s2","4.2","2016","24192","48384","72576","华北2（北京）"
" 标准版-高可用","通用Ⅱ型","rds.mssql.3il.s2.large.s2","11.64","5443","65316","130632","195948","亚太东南（雅加达）"
" 标准版-高可用","通用Ⅱ型","rds.mssql.3il.s2.large.s2","7.56","3629","43548","87096","130644","亚太东南（柔佛）"
" 标准版-高可用","通用Ⅱ型","rds.mssql.3il.s2.xlarge.s2","8.4","4032","48384","96768","145152","华东2（上海）"
" 标准版-高可用","通用Ⅱ型","rds.mssql.3il.s2.xlarge.s2","14.28","6854","82248","164496","246744","中国香港"
" 标准版-高可用","通用Ⅱ型","rds.mssql.3il.s2.xlarge.s2","8.4","4032","48384","96768","145152","华南1（广州）"
" 标准版-高可用","通用Ⅱ型","rds.mssql.3il.s2.xlarge.s2","8.4","4032","48384","96768","145152","华北2（北京）"
" 标准版-高可用","通用Ⅱ型","rds.mssql.3il.s2.xlarge.s2","22.68","10886","130632","261264","391896","亚太东南（雅加达）"
" 标准版-高可用","通用Ⅱ型","rds.mssql.3il.s2.xlarge.s2","15.12","7258","87096","174192","261288","亚太东南（柔佛）"
" 标准版-高可用","通用Ⅱ型","rds.mssql.3il.s2.2xlarge.s2","16.8","8064","96768","193536","290304","华东2（上海）"
" 标准版-高可用","通用Ⅱ型","rds.mssql.3il.s2.2xlarge.s2","28.56","13709","164508","329016","493524","中国香港"
" 标准版-高可用","通用Ⅱ型","rds.mssql.3il.s2.2xlarge.s2","16.8","8064","96768","193536","290304","华南1（广州）"
" 标准版-高可用","通用Ⅱ型","rds.mssql.3il.s2.2xlarge.s2","16.8","8064","96768","193536","290304","华北2（北京）"
" 标准版-高可用","通用Ⅱ型","rds.mssql.3il.s2.2xlarge.s2","45.36","21773","261276","522552","783828","亚太东南（雅加达）"
" 标准版-高可用","通用Ⅱ型","rds.mssql.3il.s2.2xlarge.s2","30.24","14515","174180","348360","522540","亚太东南（柔佛）"
" 标准版-高可用","通用Ⅱ型","rds.mssql.3il.s4.medium.s2","3.6","1728","20736","41472","62208","华东2（上海）"
" 标准版-高可用","通用Ⅱ型","rds.mssql.3il.s4.medium.s2","6.12","2938","35256","70512","105768","中国香港"
" 标准版-高可用","通用Ⅱ型","rds.mssql.3il.s4.medium.s2","3.6","1728","20736","41472","62208","华南1（广州）"
" 标准版-高可用","通用Ⅱ型","rds.mssql.3il.s4.medium.s2","3.6","1728","20736","41472","62208","华北2（北京）"
" 标准版-高可用","通用Ⅱ型","rds.mssql.3il.s4.medium.s2","9.72","4666","55992","111984","167976","亚太东南（雅加达）"
" 标准版-高可用","通用Ⅱ型","rds.mssql.3il.s4.medium.s2","6.48","3110","37320","74640","111960","亚太东南（柔佛）"
" 标准版-高可用","通用Ⅱ型","rds.mssql.3il.s4.large.s2","7.2","3456","41472","82944","124416","华东2（上海）"
" 标准版-高可用","通用Ⅱ型","rds.mssql.3il.s4.large.s2","12.24","5875","70500","141000","211500","中国香港"
" 标准版-高可用","通用Ⅱ型","rds.mssql.3il.s4.large.s2","7.2","3456","41472","82944","124416","华南1（广州）"
" 标准版-高可用","通用Ⅱ型","rds.mssql.3il.s4.large.s2","7.2","3456","41472","82944","124416","华北2（北京）"
" 标准版-高可用","通用Ⅱ型","rds.mssql.3il.s4.large.s2","19.44","9331","111972","223944","335916","亚太东南（雅加达）"
" 标准版-高可用","通用Ⅱ型","rds.mssql.3il.s4.large.s2","12.96","6221","74652","149304","223956","亚太东南（柔佛）"
" 标准版-高可用","通用Ⅱ型","rds.mssql.3il.s4.xlarge.s2","14.4","6912","82944","165888","248832","华东2（上海）"
" 标准版-高可用","通用Ⅱ型","rds.mssql.3il.s4.xlarge.s2","24.48","11750","141000","282000","423000","中国香港"
" 标准版-高可用","通用Ⅱ型","rds.mssql.3il.s4.xlarge.s2","14.4","6912","82944","165888","248832","华南1（广州）"
" 标准版-高可用","通用Ⅱ型","rds.mssql.3il.s4.xlarge.s2","14.4","6912","82944","165888","248832","华北2（北京）"
" 标准版-高可用","通用Ⅱ型","rds.mssql.3il.s4.xlarge.s2","38.88","18662","223944","447888","671832","亚太东南（雅加达）"
" 标准版-高可用","通用Ⅱ型","rds.mssql.3il.s4.xlarge.s2","25.92","12442","149304","298608","447912","亚太东南（柔佛）"
" 标准版-高可用","通用Ⅱ型","rds.mssql.3il.s4.2xlarge.s2","28.8","13824","165888","331776","497664","华东2（上海）"
" 标准版-高可用","通用Ⅱ型","rds.mssql.3il.s4.2xlarge.s2","48.96","23501","282012","564024","846036","中国香港"
" 标准版-高可用","通用Ⅱ型","rds.mssql.3il.s4.2xlarge.s2","28.8","13824","165888","331776","497664","华南1（广州）"
" 标准版-高可用","通用Ⅱ型","rds.mssql.3il.s4.2xlarge.s2","28.8","13824","165888","331776","497664","华北2（北京）"
" 标准版-高可用","通用Ⅱ型","rds.mssql.3il.s4.2xlarge.s2","77.76","37325","447900","895800","1343700","亚太东南（雅加达）"
" 标准版-高可用","通用Ⅱ型","rds.mssql.3il.s4.2xlarge.s2","51.84","24883","298596","597192","895788","亚太东南（柔佛）"
"标准版-基础版","独享型","rds.mssql.se.std.x8.2c16g","3.75","1800","21600","43200","64800","华东2（上海）"
"标准版-基础版","独享型","rds.mssql.se.std.x8.2c16g","3.75","1800","21600","43200","64800","华南1（广州）"
"标准版-基础版","独享型","rds.mssql.se.std.x8.2c16g","3.75","1800","21600","43200","64800","华北2（北京）"
" 标准版-基础版","独享型","rds.mssql.se.std.x8.4c32g","7.5","3600","43200","86400","129600","华东2（上海）"
" 标准版-基础版","独享型","rds.mssql.se.std.x8.4c32g","7.5","3600","43200","86400","129600","华南1（广州）"
" 标准版-基础版","独享型","rds.mssql.se.std.x8.4c32g","7.5","3600","43200","86400","129600","华北2（北京）"
" 标准版-基础版","独享型","rds.mssql.se.std.x8.8c64g","15","7200","86400","172800","259200","华东2（上海）"
" 标准版-基础版","独享型","rds.mssql.se.std.x8.8c64g","15","7200","86400","172800","259200","华南1（广州）"
" 标准版-基础版","独享型","rds.mssql.se.std.x8.8c64g","15","7200","86400","172800","259200","华北2（北京）"
" 标准版-基础版","独享型","rds.mssql.se.std.x8.16c128g","30","14400","172800","345600","518400","华东2（上海）"
" 标准版-基础版","独享型","rds.mssql.se.std.x8.16c128g","30","14400","172800","345600","518400","华南1（广州）"
" 标准版-基础版","独享型","rds.mssql.se.std.x8.16c128g","30","14400","172800","345600","518400","华北2（北京）"
" 标准版-基础版","独享Ⅱ型","rds.mssql.3il.x8.medium.s1","3.75","1800","21600","43200","64800","华东2（上海）"
" 标准版-基础版","独享Ⅱ型","rds.mssql.3il.x8.medium.s1","6.38","3060","36720","73440","110160","中国香港"
" 标准版-基础版","独享Ⅱ型","rds.mssql.3il.x8.medium.s1","3.75","1800","21600","43200","64800","华南1（广州）"
" 标准版-基础版","独享Ⅱ型","rds.mssql.3il.x8.medium.s1","3.75","1800","21600","43200","64800","华北2（北京）"
" 标准版-基础版","独享Ⅱ型","rds.mssql.3il.x8.medium.s1","6","2880","34560","69120","103680","亚太东南（雅加达）"
" 标准版-基础版","独享Ⅱ型","rds.mssql.3il.x8.medium.s1","5.63","2700","32400","64800","97200","亚太东南（柔佛）"
" 标准版-基础版","独享Ⅱ型","rds.mssql.3il.x8.large.s1","7.5","3600","43200","86400","129600","华东2（上海）"
" 标准版-基础版","独享Ⅱ型","rds.mssql.3il.x8.large.s1","12.75","6120","73440","146880","220320","中国香港"
" 标准版-基础版","独享Ⅱ型","rds.mssql.3il.x8.large.s1","7.5","3600","43200","86400","129600","华南1（广州）"
" 标准版-基础版","独享Ⅱ型","rds.mssql.3il.x8.large.s1","7.5","3600","43200","86400","129600","华北2（北京）"
" 标准版-基础版","独享Ⅱ型","rds.mssql.3il.x8.large.s1","12","5760","69120","138240","207360","亚太东南（雅加达）"
" 标准版-基础版","独享Ⅱ型","rds.mssql.3il.x8.large.s1","11.25","5400","64800","129600","194400","亚太东南（柔佛）"
" 标准版-基础版","独享Ⅱ型","rds.mssql.3il.x8.xlarge.s1","15","7200","86400","172800","259200","华东2（上海）"
" 标准版-基础版","独享Ⅱ型","rds.mssql.3il.x8.xlarge.s1","25.5","12240","146880","293760","440640","中国香港"
" 标准版-基础版","独享Ⅱ型","rds.mssql.3il.x8.xlarge.s1","15","7200","86400","172800","259200","华南1（广州）"
" 标准版-基础版","独享Ⅱ型","rds.mssql.3il.x8.xlarge.s1","15","7200","86400","172800","259200","华北2（北京）"
" 标准版-基础版","独享Ⅱ型","rds.mssql.3il.x8.xlarge.s1","24","11520","138240","276480","414720","亚太东南（雅加达）"
" 标准版-基础版","独享Ⅱ型","rds.mssql.3il.x8.xlarge.s1","22.5","10800","129600","259200","388800","亚太东南（柔佛）"
" 标准版-基础版","独享Ⅱ型","rds.mssql.3il.x8.2xlarge.s1","30","14400","172800","345600","518400","华东2（上海）"
" 标准版-基础版","独享Ⅱ型","rds.mssql.3il.x8.2xlarge.s1","51","24480","293760","587520","881280","中国香港"
" 标准版-基础版","独享Ⅱ型","rds.mssql.3il.x8.2xlarge.s1","30","14400","172800","345600","518400","华南1（广州）"
" 标准版-基础版","独享Ⅱ型","rds.mssql.3il.x8.2xlarge.s1","30","14400","172800","345600","518400","华北2（北京）"
" 标准版-基础版","独享Ⅱ型","rds.mssql.3il.x8.2xlarge.s1","48","23040","276480","552960","829440","亚太东南（雅加达）"
" 标准版-基础版","独享Ⅱ型","rds.mssql.3il.x8.2xlarge.s1","45","21600","259200","518400","777600","亚太东南（柔佛）"
" 标准版-基础版","通用型","rds.mssql.se.std.d2.2c4g","1.25","600","7200","14400","21600","华东2（上海）"
" 标准版-基础版","通用型","rds.mssql.se.std.d2.2c4g","1.25","600","7200","14400","21600","华南1（广州）"
" 标准版-基础版","通用型","rds.mssql.se.std.d2.2c4g","1.25","600","7200","14400","21600","华北2（北京）"
" 标准版-基础版","通用型","rds.mssql.se.std.d2.4c8g","2.5","1200","14400","28800","43200","华东2（上海）"
" 标准版-基础版","通用型","rds.mssql.se.std.d2.4c8g","2.5","1200","14400","28800","43200","华南1（广州）"
" 标准版-基础版","通用型","rds.mssql.se.std.d2.4c8g","2.5","1200","14400","28800","43200","华北2（北京）"
" 标准版-基础版","通用型","rds.mssql.se.std.d2.8c16g","5","2400","28800","57600","86400","华东2（上海）"
" 标准版-基础版","通用型","rds.mssql.se.std.d2.8c16g","5","2400","28800","57600","86400","华南1（广州）"
" 标准版-基础版","通用型","rds.mssql.se.std.d2.8c16g","5","2400","28800","57600","86400","华北2（北京）"
" 标准版-基础版","通用型","rds.mssql.se.std.d2.16c32g","10","4800","57600","115200","172800","华东2（上海）"
" 标准版-基础版","通用型","rds.mssql.se.std.d2.16c32g","10","4800","57600","115200","172800","华南1（广州）"
" 标准版-基础版","通用型","rds.mssql.se.std.d2.16c32g","10","4800","57600","115200","172800","华北2（北京）"
" 标准版-基础版","通用型","rds.mssql.se.std.d4.2c8g","2.08","1000","12000","24000","36000","华东2（上海）"
" 标准版-基础版","通用型","rds.mssql.se.std.d4.2c8g","2.08","1000","12000","24000","36000","华南1（广州）"
" 标准版-基础版","通用型","rds.mssql.se.std.d4.2c8g","2.08","1000","12000","24000","36000","华北2（北京）"
" 标准版-基础版","通用型","rds.mssql.se.std.d4.4c16g","4.17","2000","24000","48000","72000","华东2（上海）"
" 标准版-基础版","通用型","rds.mssql.se.std.d4.4c16g","4.17","2000","24000","48000","72000","华南1（广州）"
" 标准版-基础版","通用型","rds.mssql.se.std.d4.4c16g","4.17","2000","24000","48000","72000","华北2（北京）"
" 标准版-基础版","通用型","rds.mssql.se.std.d4.8c32g","8.33","4000","48000","96000","144000","华东2（上海）"
" 标准版-基础版","通用型","rds.mssql.se.std.d4.8c32g","8.33","4000","48000","96000","144000","华南1（广州）"
" 标准版-基础版","通用型","rds.mssql.se.std.d4.8c32g","8.33","4000","48000","96000","144000","华北2（北京）"
" 标准版-基础版","通用型","rds.mssql.se.std.d4.16c64g","16.67","8000","96000","192000","288000","华东2（上海）"
" 标准版-基础版","通用型","rds.mssql.se.std.d4.16c64g","16.67","8000","96000","192000","288000","华南1（广州）"
" 标准版-基础版","通用型","rds.mssql.se.std.d4.16c64g","16.67","8000","96000","192000","288000","华北2（北京）"
" 标准版-基础版","通用型","rds.mssql.se.std.d4.24c96g","25","12000","144000","288000","432000","华东2（上海）"
" 标准版-基础版","通用型","rds.mssql.se.std.d4.24c96g","25","12000","144000","288000","432000","华南1（广州）"
" 标准版-基础版","通用型","rds.mssql.se.std.d4.24c96g","25","12000","144000","288000","432000","华北2（北京）"
" 标准版-基础版","通用Ⅱ型","rds.mssql.3il.s2.medium.s1","1.25","600","7200","14400","21600","华东2（上海）"
" 标准版-基础版","通用Ⅱ型","rds.mssql.3il.s2.medium.s1","2.13","1020","12240","24480","36720","中国香港"
" 标准版-基础版","通用Ⅱ型","rds.mssql.3il.s2.medium.s1","1.25","600","7200","14400","21600","华南1（广州）"
" 标准版-基础版","通用Ⅱ型","rds.mssql.3il.s2.medium.s1","1.25","600","7200","14400","21600","华北2（北京）"
" 标准版-基础版","通用Ⅱ型","rds.mssql.3il.s2.medium.s1","3.38","1620","19440","38880","58320","亚太东南（雅加达）"
" 标准版-基础版","通用Ⅱ型","rds.mssql.3il.s2.medium.s1","2.25","1080","12960","25920","38880","亚太东南（柔佛）"
" 标准版-基础版","通用Ⅱ型","rds.mssql.3il.s2.large.s1","2.5","1200","14400","28800","43200","华东2（上海）"
" 标准版-基础版","通用Ⅱ型","rds.mssql.3il.s2.large.s1","4.25","2040","24480","48960","73440","中国香港"
" 标准版-基础版","通用Ⅱ型","rds.mssql.3il.s2.large.s1","2.5","1200","14400","28800","43200","华南1（广州）"
" 标准版-基础版","通用Ⅱ型","rds.mssql.3il.s2.large.s1","2.5","1200","14400","28800","43200","华北2（北京）"
" 标准版-基础版","通用Ⅱ型","rds.mssql.3il.s2.large.s1","6.75","3240","38880","77760","116640","亚太东南（雅加达）"
" 标准版-基础版","通用Ⅱ型","rds.mssql.3il.s2.large.s1","4.5","2160","25920","51840","77760","亚太东南（柔佛）"
" 标准版-基础版","通用Ⅱ型","rds.mssql.3il.s2.xlarge.s1","5","2400","28800","57600","86400","华东2（上海）"
" 标准版-基础版","通用Ⅱ型","rds.mssql.3il.s2.xlarge.s1","8.5","4080","48960","97920","146880","中国香港"
" 标准版-基础版","通用Ⅱ型","rds.mssql.3il.s2.xlarge.s1","5","2400","28800","57600","86400","华南1（广州）"
" 标准版-基础版","通用Ⅱ型","rds.mssql.3il.s2.xlarge.s1","5","2400","28800","57600","86400","华北2（北京）"
" 标准版-基础版","通用Ⅱ型","rds.mssql.3il.s2.xlarge.s1","13.5","6480","77760","155520","233280","亚太东南（雅加达）"
" 标准版-基础版","通用Ⅱ型","rds.mssql.3il.s2.xlarge.s1","9","4320","51840","103680","155520","亚太东南（柔佛）"
" 标准版-基础版","通用Ⅱ型","rds.mssql.3il.s2.2xlarge.s1","10","4800","57600","115200","172800","华东2（上海）"
" 标准版-基础版","通用Ⅱ型","rds.mssql.3il.s2.2xlarge.s1","17","8160","97920","195840","293760","中国香港"
" 标准版-基础版","通用Ⅱ型","rds.mssql.3il.s2.2xlarge.s1","10","4800","57600","115200","172800","华南1（广州）"
" 标准版-基础版","通用Ⅱ型","rds.mssql.3il.s2.2xlarge.s1","10","4800","57600","115200","172800","华北2（北京）"
" 标准版-基础版","通用Ⅱ型","rds.mssql.3il.s2.2xlarge.s1","27","12960","155520","311040","466560","亚太东南（雅加达）"
" 标准版-基础版","通用Ⅱ型","rds.mssql.3il.s2.2xlarge.s1","18","8640","103680","207360","311040","亚太东南（柔佛）"
" 标准版-基础版","通用Ⅱ型","rds.mssql.3il.s4.medium.s1","2.08","1000","12000","24000","36000","华东2（上海）"
" 标准版-基础版","通用Ⅱ型","rds.mssql.3il.s4.medium.s1","3.54","1700","20400","40800","61200","中国香港"
" 标准版-基础版","通用Ⅱ型","rds.mssql.3il.s4.medium.s1","2.08","1000","12000","24000","36000","华南1（广州）"
" 标准版-基础版","通用Ⅱ型","rds.mssql.3il.s4.medium.s1","2.08","1000","12000","24000","36000","华北2（北京）"
" 标准版-基础版","通用Ⅱ型","rds.mssql.3il.s4.medium.s1","5.63","2700","32400","64800","97200","亚太东南（雅加达）"
" 标准版-基础版","通用Ⅱ型","rds.mssql.3il.s4.medium.s1","3.75","1800","21600","43200","64800","亚太东南（柔佛）"
" 标准版-基础版","通用Ⅱ型","rds.mssql.3il.s4.large.s1","4.17","2000","24000","48000","72000","华东2（上海）"
" 标准版-基础版","通用Ⅱ型","rds.mssql.3il.s4.large.s1","7.08","3400","40800","81600","122400","中国香港"
" 标准版-基础版","通用Ⅱ型","rds.mssql.3il.s4.large.s1","4.17","2000","24000","48000","72000","华南1（广州）"
" 标准版-基础版","通用Ⅱ型","rds.mssql.3il.s4.large.s1","4.17","2000","24000","48000","72000","华北2（北京）"
" 标准版-基础版","通用Ⅱ型","rds.mssql.3il.s4.large.s1","11.25","5400","64800","129600","194400","亚太东南（雅加达）"
" 标准版-基础版","通用Ⅱ型","rds.mssql.3il.s4.large.s1","7.5","3600","43200","86400","129600","亚太东南（柔佛）"
" 标准版-基础版","通用Ⅱ型","rds.mssql.3il.s4.xlarge.s1","8.33","4000","48000","96000","144000","华东2（上海）"
" 标准版-基础版","通用Ⅱ型","rds.mssql.3il.s4.xlarge.s1","14.17","6800","81600","163200","244800","中国香港"
" 标准版-基础版","通用Ⅱ型","rds.mssql.3il.s4.xlarge.s1","8.33","4000","48000","96000","144000","华南1（广州）"
" 标准版-基础版","通用Ⅱ型","rds.mssql.3il.s4.xlarge.s1","8.33","4000","48000","96000","144000","华北2（北京）"
" 标准版-基础版","通用Ⅱ型","rds.mssql.3il.s4.xlarge.s1","22.5","10800","129600","259200","388800","亚太东南（雅加达）"
" 标准版-基础版","通用Ⅱ型","rds.mssql.3il.s4.xlarge.s1","15","7200","86400","172800","259200","亚太东南（柔佛）"
" 标准版-基础版","通用Ⅱ型","rds.mssql.3il.s4.2xlarge.s1","16.67","8000","96000","192000","288000","华东2（上海）"
" 标准版-基础版","通用Ⅱ型","rds.mssql.3il.s4.2xlarge.s1","28.33","13600","163200","326400","489600","中国香港"
" 标准版-基础版","通用Ⅱ型","rds.mssql.3il.s4.2xlarge.s1","16.67","8000","96000","192000","288000","华南1（广州）"
" 标准版-基础版","通用Ⅱ型","rds.mssql.3il.s4.2xlarge.s1","16.67","8000","96000","192000","288000","华北2（北京）"
" 标准版-基础版","通用Ⅱ型","rds.mssql.3il.s4.2xlarge.s1","45","21600","259200","518400","777600","亚太东南（雅加达）"
" 标准版-基础版","通用Ⅱ型","rds.mssql.3il.s4.2xlarge.s1","30","14400","172800","345600","518400","亚太东南（柔佛）"
,
,
,
类型,规格类型,节点规格,按量计费（元/小时）,包月,包1年,包2年,包3年,地域
"企业版-集群版","独享型","rds.mssql.ee.ha.x8.2c16g","11","5280","63360","126720","190080","华南1（广州）"
"企业版-集群版","独享型","rds.mssql.ee.ha.x8.2c16g","11","5280","63360","126720","190080","华北2（北京）"
"企业版-集群版","独享型","rds.mssql.ee.ha.x8.2c16g","11","5280","63360","126720","190080","华东2（上海）"
" 企业版-集群版","独享型","rds.mssql.ee.ha.x8.4c32g","22","10560","126720","253440","380160","华南1（广州）"
" 企业版-集群版","独享型","rds.mssql.ee.ha.x8.4c32g","22","10560","126720","253440","380160","华北2（北京）"
" 企业版-集群版","独享型","rds.mssql.ee.ha.x8.4c32g","22","10560","126720","253440","380160","华东2（上海）"
" 企业版-集群版","独享型","rds.mssql.ee.ha.x8.8c64g","44","21120","253440","506880","760320","华南1（广州）"
" 企业版-集群版","独享型","rds.mssql.ee.ha.x8.8c64g","44","21120","253440","506880","760320","华北2（北京）"
" 企业版-集群版","独享型","rds.mssql.ee.ha.x8.8c64g","44","21120","253440","506880","760320","华东2（上海）"
" 企业版-集群版","独享型","rds.mssql.ee.ha.x8.16c128g","88","42240","506880","1013760","1520640","华南1（广州）"
" 企业版-集群版","独享型","rds.mssql.ee.ha.x8.16c128g","88","42240","506880","1013760","1520640","华北2（北京）"
" 企业版-集群版","独享型","rds.mssql.ee.ha.x8.16c128g","88","42240","506880","1013760","1520640","华东2（上海）"
" 企业版-集群版","独享型","rds.mssql.ee.ha.x8.32c256g","176","84480","1013760","2027520","3041280","华南1（广州）"
" 企业版-集群版","独享型","rds.mssql.ee.ha.x8.32c256g","176","84480","1013760","2027520","3041280","华北2（北京）"
" 企业版-集群版","独享型","rds.mssql.ee.ha.x8.32c256g","176","84480","1013760","2027520","3041280","华东2（上海）"
" 企业版-集群版","独享型","rds.mssql.ee.ha.2x4.64c256g","320","153600","1843200","3686400","5529600","华南1（广州）"
" 企业版-集群版","独享型","rds.mssql.ee.ha.2x4.64c256g","320","153600","1843200","3686400","5529600","华北2（北京）"
" 企业版-集群版","独享型","rds.mssql.ee.ha.2x4.64c256g","320","153600","1843200","3686400","5529600","华东2（上海）"
"企业版-集群版","独享Ⅱ型","rds.mssql.3il.x4.medium.e2","18.75","9000","108000","216000","324000","亚太东南（柔佛）"
"企业版-集群版","独享Ⅱ型","rds.mssql.3il.x4.medium.e2","18.75","9000","108000","216000","324000","亚太东南（雅加达）"
"企业版-集群版","独享Ⅱ型","rds.mssql.3il.x4.medium.e2","10.42","5000","60000","120000","180000","华北2（北京）"
"企业版-集群版","独享Ⅱ型","rds.mssql.3il.x4.medium.e2","10.42","5000","60000","120000","180000","华南1（广州）"
"企业版-集群版","独享Ⅱ型","rds.mssql.3il.x4.medium.e2","17.71","8500","102000","204000","306000","中国香港"
"企业版-集群版","独享Ⅱ型","rds.mssql.3il.x4.medium.e2","10.42","5000","60000","120000","180000","华东2（上海）"
" 企业版-集群版","独享Ⅱ型","rds.mssql.3il.x4.large.e2","37.5","18000","216000","432000","648000","亚太东南（柔佛）"
" 企业版-集群版","独享Ⅱ型","rds.mssql.3il.x4.large.e2","37.5","18000","216000","432000","648000","亚太东南（雅加达）"
" 企业版-集群版","独享Ⅱ型","rds.mssql.3il.x4.large.e2","20.83","10000","120000","240000","360000","华北2（北京）"
" 企业版-集群版","独享Ⅱ型","rds.mssql.3il.x4.large.e2","20.83","10000","120000","240000","360000","华南1（广州）"
" 企业版-集群版","独享Ⅱ型","rds.mssql.3il.x4.large.e2","35.42","17000","204000","408000","612000","中国香港"
" 企业版-集群版","独享Ⅱ型","rds.mssql.3il.x4.large.e2","20.83","10000","120000","240000","360000","华东2（上海）"
" 企业版-集群版","独享Ⅱ型","rds.mssql.3il.x4.xlarge.e2","75","36000","432000","864000","1296000","亚太东南（柔佛）"
" 企业版-集群版","独享Ⅱ型","rds.mssql.3il.x4.xlarge.e2","75","36000","432000","864000","1296000","亚太东南（雅加达）"
" 企业版-集群版","独享Ⅱ型","rds.mssql.3il.x4.xlarge.e2","41.67","20000","240000","480000","720000","华北2（北京）"
" 企业版-集群版","独享Ⅱ型","rds.mssql.3il.x4.xlarge.e2","41.67","20000","240000","480000","720000","华南1（广州）"
" 企业版-集群版","独享Ⅱ型","rds.mssql.3il.x4.xlarge.e2","70.83","34000","408000","816000","1224000","中国香港"
" 企业版-集群版","独享Ⅱ型","rds.mssql.3il.x4.xlarge.e2","41.67","20000","240000","480000","720000","华东2（上海）"
" 企业版-集群版","独享Ⅱ型","rds.mssql.3il.x4.2xlarge.e2","150","72000","864000","1728000","2592000","亚太东南（柔佛）"
" 企业版-集群版","独享Ⅱ型","rds.mssql.3il.x4.2xlarge.e2","150","72000","864000","1728000","2592000","亚太东南（雅加达）"
" 企业版-集群版","独享Ⅱ型","rds.mssql.3il.x4.2xlarge.e2","83.33","40000","480000","960000","1440000","华北2（北京）"
" 企业版-集群版","独享Ⅱ型","rds.mssql.3il.x4.2xlarge.e2","83.33","40000","480000","960000","1440000","华南1（广州）"
" 企业版-集群版","独享Ⅱ型","rds.mssql.3il.x4.2xlarge.e2","141.67","68000","816000","1632000","2448000","中国香港"
" 企业版-集群版","独享Ⅱ型","rds.mssql.3il.x4.2xlarge.e2","83.33","40000","480000","960000","1440000","华东2（上海）"
" 企业版-集群版","独享Ⅱ型","rds.mssql.3il.x4.4xlarge.e2","300","144000","1728000","3456000","5184000","亚太东南（柔佛）"
" 企业版-集群版","独享Ⅱ型","rds.mssql.3il.x4.4xlarge.e2","300","144000","1728000","3456000","5184000","亚太东南（雅加达）"
" 企业版-集群版","独享Ⅱ型","rds.mssql.3il.x4.4xlarge.e2","166.67","80000","960000","1920000","2880000","华北2（北京）"
" 企业版-集群版","独享Ⅱ型","rds.mssql.3il.x4.4xlarge.e2","166.67","80000","960000","1920000","2880000","华南1（广州）"
" 企业版-集群版","独享Ⅱ型","rds.mssql.3il.x4.4xlarge.e2","283.33","136000","1632000","3264000","4896000","中国香港"
" 企业版-集群版","独享Ⅱ型","rds.mssql.3il.x4.4xlarge.e2","166.67","80000","960000","1920000","2880000","华东2（上海）"
" 企业版-集群版","独享Ⅱ型","rds.mssql.3il.x4.8xlarge.e2","576","276480","3317760","6635520","9953280","亚太东南（柔佛）"
" 企业版-集群版","独享Ⅱ型","rds.mssql.3il.x4.8xlarge.e2","576","276480","3317760","6635520","9953280","亚太东南（雅加达）"
" 企业版-集群版","独享Ⅱ型","rds.mssql.3il.x4.8xlarge.e2","320","153600","1843200","3686400","5529600","华北2（北京）"
" 企业版-集群版","独享Ⅱ型","rds.mssql.3il.x4.8xlarge.e2","320","153600","1843200","3686400","5529600","华南1（广州）"
" 企业版-集群版","独享Ⅱ型","rds.mssql.3il.x4.8xlarge.e2","544","261120","3133440","6266880","9400320","中国香港"
" 企业版-集群版","独享Ⅱ型","rds.mssql.3il.x4.8xlarge.e2","320","153600","1843200","3686400","5529600","华东2（上海）"
" 企业版-集群版","独享Ⅱ型","rds.mssql.3il.x8.medium.e2","19.8","9504","114048","228096","342144","亚太东南（柔佛）"
" 企业版-集群版","独享Ⅱ型","rds.mssql.3il.x8.medium.e2","19.8","9504","114048","228096","342144","亚太东南（雅加达）"
" 企业版-集群版","独享Ⅱ型","rds.mssql.3il.x8.medium.e2","11","5280","63360","126720","190080","华北2（北京）"
" 企业版-集群版","独享Ⅱ型","rds.mssql.3il.x8.medium.e2","11","5280","63360","126720","190080","华南1（广州）"
" 企业版-集群版","独享Ⅱ型","rds.mssql.3il.x8.medium.e2","18.7","8976","107712","215424","323136","中国香港"
" 企业版-集群版","独享Ⅱ型","rds.mssql.3il.x8.medium.e2","11","5280","63360","126720","190080","华东2（上海）"
" 企业版-集群版","独享Ⅱ型","rds.mssql.3il.x8.large.e2","39.6","19008","228096","456192","684288","亚太东南（柔佛）"
" 企业版-集群版","独享Ⅱ型","rds.mssql.3il.x8.large.e2","39.6","19008","228096","456192","684288","亚太东南（雅加达）"
" 企业版-集群版","独享Ⅱ型","rds.mssql.3il.x8.large.e2","22","10560","126720","253440","380160","华北2（北京）"
" 企业版-集群版","独享Ⅱ型","rds.mssql.3il.x8.large.e2","22","10560","126720","253440","380160","华南1（广州）"
" 企业版-集群版","独享Ⅱ型","rds.mssql.3il.x8.large.e2","37.4","17952","215424","430848","646272","中国香港"
" 企业版-集群版","独享Ⅱ型","rds.mssql.3il.x8.large.e2","22","10560","126720","253440","380160","华东2（上海）"
" 企业版-集群版","独享Ⅱ型","rds.mssql.3il.x8.xlarge.e2","79.2","38016","456192","912384","1368576","亚太东南（柔佛）"
" 企业版-集群版","独享Ⅱ型","rds.mssql.3il.x8.xlarge.e2","79.2","38016","456192","912384","1368576","亚太东南（雅加达）"
" 企业版-集群版","独享Ⅱ型","rds.mssql.3il.x8.xlarge.e2","44","21120","253440","506880","760320","华北2（北京）"
" 企业版-集群版","独享Ⅱ型","rds.mssql.3il.x8.xlarge.e2","44","21120","253440","506880","760320","华南1（广州）"
" 企业版-集群版","独享Ⅱ型","rds.mssql.3il.x8.xlarge.e2","74.8","35904","430848","861696","1292544","中国香港"
" 企业版-集群版","独享Ⅱ型","rds.mssql.3il.x8.xlarge.e2","44","21120","253440","506880","760320","华东2（上海）"
" 企业版-集群版","独享Ⅱ型","rds.mssql.3il.x8.2xlarge.e2","158.4","76032","912384","1824768","2737152","亚太东南（柔佛）"
" 企业版-集群版","独享Ⅱ型","rds.mssql.3il.x8.2xlarge.e2","158.4","76032","912384","1824768","2737152","亚太东南（雅加达）"
" 企业版-集群版","独享Ⅱ型","rds.mssql.3il.x8.2xlarge.e2","88","42240","506880","1013760","1520640","华北2（北京）"
" 企业版-集群版","独享Ⅱ型","rds.mssql.3il.x8.2xlarge.e2","88","42240","506880","1013760","1520640","华南1（广州）"
" 企业版-集群版","独享Ⅱ型","rds.mssql.3il.x8.2xlarge.e2","149.6","71808","861696","1723392","2585088","中国香港"
" 企业版-集群版","独享Ⅱ型","rds.mssql.3il.x8.2xlarge.e2","88","42240","506880","1013760","1520640","华东2（上海）"
" 企业版-集群版","独享Ⅱ型","rds.mssql.3il.x8.4xlarge.e2","316.8","152064","1824768","3649536","5474304","亚太东南（柔佛）"
" 企业版-集群版","独享Ⅱ型","rds.mssql.3il.x8.4xlarge.e2","316.8","152064","1824768","3649536","5474304","亚太东南（雅加达）"
" 企业版-集群版","独享Ⅱ型","rds.mssql.3il.x8.4xlarge.e2","176","84480","1013760","2027520","3041280","华北2（北京）"
" 企业版-集群版","独享Ⅱ型","rds.mssql.3il.x8.4xlarge.e2","176","84480","1013760","2027520","3041280","华南1（广州）"
" 企业版-集群版","独享Ⅱ型","rds.mssql.3il.x8.4xlarge.e2","299.2","143616","1723392","3446784","5170176","中国香港"
" 企业版-集群版","独享Ⅱ型","rds.mssql.3il.x8.4xlarge.e2","176","84480","1013760","2027520","3041280","华东2（上海）"
"企业版-基础版","通用型","rds.mssql.ee.std.d2.2c4g","2.29","1100","13200","26400","39600","华南1（广州）"
"企业版-基础版","通用型","rds.mssql.ee.std.d2.2c4g","2.29","1100","13200","26400","39600","华北2（北京）"
"企业版-基础版","通用型","rds.mssql.ee.std.d2.2c4g","2.29","1100","13200","26400","39600","华东2（上海）"
" 企业版-基础版","通用型","rds.mssql.ee.std.d2.4c8g","4.58","2200","26400","52800","79200","华南1（广州）"
" 企业版-基础版","通用型","rds.mssql.ee.std.d2.4c8g","4.58","2200","26400","52800","79200","华北2（北京）"
" 企业版-基础版","通用型","rds.mssql.ee.std.d2.4c8g","4.58","2200","26400","52800","79200","华东2（上海）"
" 企业版-基础版","通用型","rds.mssql.ee.std.d2.8c16g","9.17","4400","52800","105600","158400","华南1（广州）"
" 企业版-基础版","通用型","rds.mssql.ee.std.d2.8c16g","9.17","4400","52800","105600","158400","华北2（北京）"
" 企业版-基础版","通用型","rds.mssql.ee.std.d2.8c16g","9.17","4400","52800","105600","158400","华东2（上海）"
" 企业版-基础版","通用型","rds.mssql.ee.std.d2.16c32g","18.33","8800","105600","211200","316800","华南1（广州）"
" 企业版-基础版","通用型","rds.mssql.ee.std.d2.16c32g","18.33","8800","105600","211200","316800","华北2（北京）"
" 企业版-基础版","通用型","rds.mssql.ee.std.d2.16c32g","18.33","8800","105600","211200","316800","华东2（上海）"
" 企业版-基础版","通用型","rds.mssql.ee.std.d4.2c8g","4.17","2000","24000","48000","72000","华南1（广州）"
" 企业版-基础版","通用型","rds.mssql.ee.std.d4.2c8g","4.17","2000","24000","48000","72000","华北2（北京）"
" 企业版-基础版","通用型","rds.mssql.ee.std.d4.2c8g","4.17","2000","24000","48000","72000","华东2（上海）"
" 企业版-基础版","通用型","rds.mssql.ee.std.d4.4c16g","8.33","4000","48000","96000","144000","华南1（广州）"
" 企业版-基础版","通用型","rds.mssql.ee.std.d4.4c16g","8.33","4000","48000","96000","144000","华北2（北京）"
" 企业版-基础版","通用型","rds.mssql.ee.std.d4.4c16g","8.33","4000","48000","96000","144000","华东2（上海）"
" 企业版-基础版","通用型","rds.mssql.ee.std.d4.8c32g","16.67","8000","96000","192000","288000","华南1（广州）"
" 企业版-基础版","通用型","rds.mssql.ee.std.d4.8c32g","16.67","8000","96000","192000","288000","华北2（北京）"
" 企业版-基础版","通用型","rds.mssql.ee.std.d4.8c32g","16.67","8000","96000","192000","288000","华东2（上海）"
" 企业版-基础版","通用型","rds.mssql.ee.std.d4.16c64g","33.33","16000","192000","384000","576000","华南1（广州）"
" 企业版-基础版","通用型","rds.mssql.ee.std.d4.16c64g","33.33","16000","192000","384000","576000","华北2（北京）"
" 企业版-基础版","通用型","rds.mssql.ee.std.d4.16c64g","33.33","16000","192000","384000","576000","华东2（上海）"
" 企业版-基础版","通用Ⅱ型","rds.mssql.3il.s2.medium.e1","3.44","1650","19800","39600","59400","亚太东南（柔佛）"
" 企业版-基础版","通用Ⅱ型","rds.mssql.3il.s2.medium.e1","5.73","2750","33000","66000","99000","亚太东南（雅加达）"
" 企业版-基础版","通用Ⅱ型","rds.mssql.3il.s2.medium.e1","2.29","1100","13200","26400","39600","华北2（北京）"
" 企业版-基础版","通用Ⅱ型","rds.mssql.3il.s2.medium.e1","2.29","1100","13200","26400","39600","华南1（广州）"
" 企业版-基础版","通用Ⅱ型","rds.mssql.3il.s2.medium.e1","3.9","1870","22440","44880","67320","中国香港"
" 企业版-基础版","通用Ⅱ型","rds.mssql.3il.s2.medium.e1","2.29","1100","13200","26400","39600","华东2（上海）"
" 企业版-基础版","通用Ⅱ型","rds.mssql.3il.s2.large.e1","6.88","3300","39600","79200","118800","亚太东南（柔佛）"
" 企业版-基础版","通用Ⅱ型","rds.mssql.3il.s2.large.e1","11.46","5500","66000","132000","198000","亚太东南（雅加达）"
" 企业版-基础版","通用Ⅱ型","rds.mssql.3il.s2.large.e1","4.58","2200","26400","52800","79200","华北2（北京）"
" 企业版-基础版","通用Ⅱ型","rds.mssql.3il.s2.large.e1","4.58","2200","26400","52800","79200","华南1（广州）"
" 企业版-基础版","通用Ⅱ型","rds.mssql.3il.s2.large.e1","7.79","3740","44880","89760","134640","中国香港"
" 企业版-基础版","通用Ⅱ型","rds.mssql.3il.s2.large.e1","4.58","2200","26400","52800","79200","华东2（上海）"
" 企业版-基础版","通用Ⅱ型","rds.mssql.3il.s2.xlarge.e1","13.75","6600","79200","158400","237600","亚太东南（柔佛）"
" 企业版-基础版","通用Ⅱ型","rds.mssql.3il.s2.xlarge.e1","22.92","11000","132000","264000","396000","亚太东南（雅加达）"
" 企业版-基础版","通用Ⅱ型","rds.mssql.3il.s2.xlarge.e1","9.17","4400","52800","105600","158400","华北2（北京）"
" 企业版-基础版","通用Ⅱ型","rds.mssql.3il.s2.xlarge.e1","9.17","4400","52800","105600","158400","华南1（广州）"
" 企业版-基础版","通用Ⅱ型","rds.mssql.3il.s2.xlarge.e1","15.58","7480","89760","179520","269280","中国香港"
" 企业版-基础版","通用Ⅱ型","rds.mssql.3il.s2.xlarge.e1","9.17","4400","52800","105600","158400","华东2（上海）"
" 企业版-基础版","通用Ⅱ型","rds.mssql.3il.s2.2xlarge.e1","27.5","13200","158400","316800","475200","亚太东南（柔佛）"
" 企业版-基础版","通用Ⅱ型","rds.mssql.3il.s2.2xlarge.e1","45.83","22000","264000","528000","792000","亚太东南（雅加达）"
" 企业版-基础版","通用Ⅱ型","rds.mssql.3il.s2.2xlarge.e1","18.33","8800","105600","211200","316800","华北2（北京）"
" 企业版-基础版","通用Ⅱ型","rds.mssql.3il.s2.2xlarge.e1","18.33","8800","105600","211200","316800","华南1（广州）"
" 企业版-基础版","通用Ⅱ型","rds.mssql.3il.s2.2xlarge.e1","31.17","14960","179520","359040","538560","中国香港"
" 企业版-基础版","通用Ⅱ型","rds.mssql.3il.s2.2xlarge.e1","18.33","8800","105600","211200","316800","华东2（上海）"
" 企业版-基础版","通用Ⅱ型","rds.mssql.3il.s4.medium.e1","6.25","3000","36000","72000","108000","亚太东南（柔佛）"
" 企业版-基础版","通用Ⅱ型","rds.mssql.3il.s4.medium.e1","10.42","5000","60000","120000","180000","亚太东南（雅加达）"
" 企业版-基础版","通用Ⅱ型","rds.mssql.3il.s4.medium.e1","4.17","2000","24000","48000","72000","华北2（北京）"
" 企业版-基础版","通用Ⅱ型","rds.mssql.3il.s4.medium.e1","4.17","2000","24000","48000","72000","华南1（广州）"
" 企业版-基础版","通用Ⅱ型","rds.mssql.3il.s4.medium.e1","7.08","3400","40800","81600","122400","中国香港"
" 企业版-基础版","通用Ⅱ型","rds.mssql.3il.s4.medium.e1","4.17","2000","24000","48000","72000","华东2（上海）"
" 企业版-基础版","通用Ⅱ型","rds.mssql.3il.s4.large.e1","12.5","6000","72000","144000","216000","亚太东南（柔佛）"
" 企业版-基础版","通用Ⅱ型","rds.mssql.3il.s4.large.e1","20.83","10000","120000","240000","360000","亚太东南（雅加达）"
" 企业版-基础版","通用Ⅱ型","rds.mssql.3il.s4.large.e1","8.33","4000","48000","96000","144000","华北2（北京）"
" 企业版-基础版","通用Ⅱ型","rds.mssql.3il.s4.large.e1","8.33","4000","48000","96000","144000","华南1（广州）"
" 企业版-基础版","通用Ⅱ型","rds.mssql.3il.s4.large.e1","14.17","6800","81600","163200","244800","中国香港"
" 企业版-基础版","通用Ⅱ型","rds.mssql.3il.s4.large.e1","8.33","4000","48000","96000","144000","华东2（上海）"
" 企业版-基础版","通用Ⅱ型","rds.mssql.3il.s4.xlarge.e1","25","12000","144000","288000","432000","亚太东南（柔佛）"
" 企业版-基础版","通用Ⅱ型","rds.mssql.3il.s4.xlarge.e1","41.67","20000","240000","480000","720000","亚太东南（雅加达）"
" 企业版-基础版","通用Ⅱ型","rds.mssql.3il.s4.xlarge.e1","16.67","8000","96000","192000","288000","华北2（北京）"
" 企业版-基础版","通用Ⅱ型","rds.mssql.3il.s4.xlarge.e1","16.67","8000","96000","192000","288000","华南1（广州）"
" 企业版-基础版","通用Ⅱ型","rds.mssql.3il.s4.xlarge.e1","28.33","13600","163200","326400","489600","中国香港"
" 企业版-基础版","通用Ⅱ型","rds.mssql.3il.s4.xlarge.e1","16.67","8000","96000","192000","288000","华东2（上海）"
"  企业版-基础版","通用Ⅱ型","rds.mssql.3il.s4.2xlarge.e1","50","24000","288000","576000","864000","亚太东南（柔佛）"
"  企业版-基础版","通用Ⅱ型","rds.mssql.3il.s4.2xlarge.e1","83.33","40000","480000","960000","1440000","亚太东南（雅加达）"
"  企业版-基础版","通用Ⅱ型","rds.mssql.3il.s4.2xlarge.e1","33.33","16000","192000","384000","576000","华北2（北京）"
"  企业版-基础版","通用Ⅱ型","rds.mssql.3il.s4.2xlarge.e1","33.33","16000","192000","384000","576000","华南1（广州）"
"  企业版-基础版","通用Ⅱ型","rds.mssql.3il.s4.2xlarge.e1","56.67","27200","326400","652800","979200","中国香港"
"  企业版-基础版","通用Ⅱ型","rds.mssql.3il.s4.2xlarge.e1","33.33","16000","192000","384000","576000","华东2（上海）"
,
,
,
类型,规格类型,节点规格,按量计费（元/小时）,包月,包1年,包2年,包3年,地域
"Web版-基础版","通用型","rds.mssql.web.std.d2.2c4g","0.54","260","3120","6240","9360","华东2（上海）"
"Web版-基础版","通用型","rds.mssql.web.std.d2.2c4g","0.54","260","3120","6240","9360","华北2（北京）"
"Web版-基础版","通用型","rds.mssql.web.std.d2.2c4g","0.54","260","3120","6240","9360","华南1（广州）"
" Web版-基础版","通用型","rds.mssql.web.std.d2.4c8g","1.08","520","6240","12480","18720","华东2（上海）"
" Web版-基础版","通用型","rds.mssql.web.std.d2.4c8g","1.08","520","6240","12480","18720","华北2（北京）"
" Web版-基础版","通用型","rds.mssql.web.std.d2.4c8g","1.08","520","6240","12480","18720","华南1（广州）"
" Web版-基础版","通用型","rds.mssql.web.std.d2.8c16g","2.16","1040","12480","24960","37440","华东2（上海）"
" Web版-基础版","通用型","rds.mssql.web.std.d2.8c16g","2.16","1040","12480","24960","37440","华北2（北京）"
" Web版-基础版","通用型","rds.mssql.web.std.d2.8c16g","2.16","1040","12480","24960","37440","华南1（广州）"
" Web版-基础版","通用型","rds.mssql.web.std.d2.16c32g","4.33","2080","24960","49920","74880","华东2（上海）"
" Web版-基础版","通用型","rds.mssql.web.std.d2.16c32g","4.33","2080","24960","49920","74880","华北2（北京）"
" Web版-基础版","通用型","rds.mssql.web.std.d2.16c32g","4.33","2080","24960","49920","74880","华南1（广州）"
" Web版-基础版","通用型","rds.mssql.web.std.d4.2c8g","0.67","320","3840","7680","11520","华东2（上海）"
" Web版-基础版","通用型","rds.mssql.web.std.d4.2c8g","0.67","320","3840","7680","11520","华北2（北京）"
" Web版-基础版","通用型","rds.mssql.web.std.d4.2c8g","0.67","320","3840","7680","11520","华南1（广州）"
" Web版-基础版","通用型","rds.mssql.web.std.d4.4c16g","1.33","640","7680","15360","23040","华东2（上海）"
" Web版-基础版","通用型","rds.mssql.web.std.d4.4c16g","1.33","640","7680","15360","23040","华北2（北京）"
" Web版-基础版","通用型","rds.mssql.web.std.d4.4c16g","1.33","640","7680","15360","23040","华南1（广州）"
" Web版-基础版","通用型","rds.mssql.web.std.d4.8c32g","2.66","1280","15360","30720","46080","华东2（上海）"
" Web版-基础版","通用型","rds.mssql.web.std.d4.8c32g","2.66","1280","15360","30720","46080","华北2（北京）"
" Web版-基础版","通用型","rds.mssql.web.std.d4.8c32g","2.66","1280","15360","30720","46080","华南1（广州）"
" Web版-基础版","通用型","rds.mssql.web.std.d4.16c64g","5.33","2560","30720","61440","92160","华东2（上海）"
" Web版-基础版","通用型","rds.mssql.web.std.d4.16c64g","5.33","2560","30720","61440","92160","华北2（北京）"
" Web版-基础版","通用型","rds.mssql.web.std.d4.16c64g","5.33","2560","30720","61440","92160","华南1（广州）"
" Web版-基础版","通用Ⅱ型","rds.mssql.3il.s2.medium.w1","0.54","260","3120","6240","9360","亚太东南（柔佛）"
" Web版-基础版","通用Ⅱ型","rds.mssql.3il.s2.medium.w1","1.63","780","9360","18720","28080","亚太东南（雅加达）"
" Web版-基础版","通用Ⅱ型","rds.mssql.3il.s2.medium.w1","0.54","260","3120","6240","9360","华北2（北京）"
" Web版-基础版","通用Ⅱ型","rds.mssql.3il.s2.medium.w1","0.54","260","3120","6240","9360","华南1（广州）"
" Web版-基础版","通用Ⅱ型","rds.mssql.3il.s2.medium.w1","0.54","260","3120","6240","9360","中国香港"
" Web版-基础版","通用Ⅱ型","rds.mssql.3il.s2.medium.w1","0.54","260","3120","6240","9360","华东2（上海）"
" Web版-基础版","通用Ⅱ型","rds.mssql.3il.s2.large.w1","1.08","520","6240","12480","18720","亚太东南（柔佛）"
" Web版-基础版","通用Ⅱ型","rds.mssql.3il.s2.large.w1","3.25","1560","18720","37440","56160","亚太东南（雅加达）"
" Web版-基础版","通用Ⅱ型","rds.mssql.3il.s2.large.w1","1.08","520","6240","12480","18720","华北2（北京）"
" Web版-基础版","通用Ⅱ型","rds.mssql.3il.s2.large.w1","1.08","520","6240","12480","18720","华南1（广州）"
" Web版-基础版","通用Ⅱ型","rds.mssql.3il.s2.large.w1","1.08","520","6240","12480","18720","中国香港"
" Web版-基础版","通用Ⅱ型","rds.mssql.3il.s2.large.w1","1.08","520","6240","12480","18720","华东2（上海）"
" Web版-基础版","通用Ⅱ型","rds.mssql.3il.s2.xlarge.w1","2.17","1040","12480","24960","37440","亚太东南（柔佛）"
" Web版-基础版","通用Ⅱ型","rds.mssql.3il.s2.xlarge.w1","6.5","3120","37440","74880","112320","亚太东南（雅加达）"
" Web版-基础版","通用Ⅱ型","rds.mssql.3il.s2.xlarge.w1","2.16","1040","12480","24960","37440","华北2（北京）"
" Web版-基础版","通用Ⅱ型","rds.mssql.3il.s2.xlarge.w1","2.16","1040","12480","24960","37440","华南1（广州）"
" Web版-基础版","通用Ⅱ型","rds.mssql.3il.s2.xlarge.w1","2.17","1040","12480","24960","37440","中国香港"
" Web版-基础版","通用Ⅱ型","rds.mssql.3il.s2.xlarge.w1","2.16","1040","12480","24960","37440","华东2（上海）"
" Web版-基础版","通用Ⅱ型","rds.mssql.3il.s2.2xlarge.w1","4.33","2080","24960","49920","74880","亚太东南（柔佛）"
" Web版-基础版","通用Ⅱ型","rds.mssql.3il.s2.2xlarge.w1","13","6240","74880","149760","224640","亚太东南（雅加达）"
" Web版-基础版","通用Ⅱ型","rds.mssql.3il.s2.2xlarge.w1","4.33","2080","24960","49920","74880","华北2（北京）"
" Web版-基础版","通用Ⅱ型","rds.mssql.3il.s2.2xlarge.w1","4.33","2080","24960","49920","74880","华南1（广州）"
" Web版-基础版","通用Ⅱ型","rds.mssql.3il.s2.2xlarge.w1","4.33","2080","24960","49920","74880","中国香港"
" Web版-基础版","通用Ⅱ型","rds.mssql.3il.s2.2xlarge.w1","4.33","2080","24960","49920","74880","华东2（上海）"
" Web版-基础版","通用Ⅱ型","rds.mssql.3il.s4.medium.w1","0.67","320","3840","7680","11520","亚太东南（柔佛）"
" Web版-基础版","通用Ⅱ型","rds.mssql.3il.s4.medium.w1","2","960","11520","23040","34560","亚太东南（雅加达）"
" Web版-基础版","通用Ⅱ型","rds.mssql.3il.s4.medium.w1","0.67","320","3840","7680","11520","华北2（北京）"
" Web版-基础版","通用Ⅱ型","rds.mssql.3il.s4.medium.w1","0.67","320","3840","7680","11520","华南1（广州）"
" Web版-基础版","通用Ⅱ型","rds.mssql.3il.s4.medium.w1","0.67","320","3840","7680","11520","中国香港"
" Web版-基础版","通用Ⅱ型","rds.mssql.3il.s4.medium.w1","0.67","320","3840","7680","11520","华东2（上海）"
" Web版-基础版","通用Ⅱ型","rds.mssql.3il.s4.large.w1","1.33","640","7680","15360","23040","亚太东南（柔佛）"
" Web版-基础版","通用Ⅱ型","rds.mssql.3il.s4.large.w1","4","1920","23040","46080","69120","亚太东南（雅加达）"
" Web版-基础版","通用Ⅱ型","rds.mssql.3il.s4.large.w1","1.33","640","7680","15360","23040","华北2（北京）"
" Web版-基础版","通用Ⅱ型","rds.mssql.3il.s4.large.w1","1.33","640","7680","15360","23040","华南1（广州）"
" Web版-基础版","通用Ⅱ型","rds.mssql.3il.s4.large.w1","1.33","640","7680","15360","23040","中国香港"
" Web版-基础版","通用Ⅱ型","rds.mssql.3il.s4.large.w1","1.33","640","7680","15360","23040","华东2（上海）"
" Web版-基础版","通用Ⅱ型","rds.mssql.3il.s4.xlarge.w1","2.67","1280","15360","30720","46080","亚太东南（柔佛）"
" Web版-基础版","通用Ⅱ型","rds.mssql.3il.s4.xlarge.w1","8","3840","46080","92160","138240","亚太东南（雅加达）"
" Web版-基础版","通用Ⅱ型","rds.mssql.3il.s4.xlarge.w1","2.66","1280","15360","30720","46080","华北2（北京）"
" Web版-基础版","通用Ⅱ型","rds.mssql.3il.s4.xlarge.w1","2.66","1280","15360","30720","46080","华南1（广州）"
" Web版-基础版","通用Ⅱ型","rds.mssql.3il.s4.xlarge.w1","2.67","1280","15360","30720","46080","中国香港"
" Web版-基础版","通用Ⅱ型","rds.mssql.3il.s4.xlarge.w1","2.66","1280","15360","30720","46080","华东2（上海）"
"  Web版-基础版","通用Ⅱ型","rds.mssql.3il.s4.2xlarge.w1","5.33","2560","30720","61440","92160","亚太东南（柔佛）"
"  Web版-基础版","通用Ⅱ型","rds.mssql.3il.s4.2xlarge.w1","16","7680","92160","184320","276480","亚太东南（雅加达）"
"  Web版-基础版","通用Ⅱ型","rds.mssql.3il.s4.2xlarge.w1","5.33","2560","30720","61440","92160","华北2（北京）"
"  Web版-基础版","通用Ⅱ型","rds.mssql.3il.s4.2xlarge.w1","5.33","2560","30720","61440","92160","华南1（广州）"
"  Web版-基础版","通用Ⅱ型","rds.mssql.3il.s4.2xlarge.w1","5.33","2560","30720","61440","92160","中国香港"
"  Web版-基础版","通用Ⅱ型","rds.mssql.3il.s4.2xlarge.w1","5.33","2560","30720","61440","92160","华东2（上海）"
,
,
,
类型,规格代码,按量计费（元/GiB/小时）,包月（元/GiB/月）,包1年,包2年,包3年,地域
"高可用-ESSDP1	","rds.mssql.ha.essdp1","0.00375","1.8","21.6","43.2","64.8","中国香港"
"高可用-ESSDP1	","rds.mssql.ha.essdp1","0.00375","1.8","21.6","43.2","64.8","亚太东南（雅加达）"
"高可用-ESSDP1	","rds.mssql.ha.essdp1","0.00375","1.8","21.6","43.2","64.8","亚太东南（柔佛）"
"高可用-ESSDP1	","rds.mssql.ha.essdp1","0.0025","1.2","14.4","28.8","43.2","华东2（上海）"
"高可用-ESSDP1	","rds.mssql.ha.essdp1","0.0025","1.2","14.4","28.8","43.2","华北2（北京）"
"高可用-ESSDP1	","rds.mssql.ha.essdp1","0.0025","1.2","14.4","28.8","43.2","华南1（广州）"
"基础版-ESSDP1","rds.mssql.std.essdp1","0.001875","0.9","10.8","21.6","32.4","亚太东南（柔佛）"
"基础版-ESSDP1","rds.mssql.std.essdp1","0.001875","0.9","10.8","21.6","32.4","亚太东南（雅加达）"
"基础版-ESSDP1","rds.mssql.std.essdp1","0.00125","0.6","7.2","14.4","21.6","华北2（北京）"
"基础版-ESSDP1","rds.mssql.std.essdp1","0.00125","0.6","7.2","14.4","21.6","华南1（广州）"
"基础版-ESSDP1","rds.mssql.std.essdp1","0.001875","0.9","10.8","21.6","32.4","中国香港"
"基础版-ESSDP1","rds.mssql.std.essdp1","0.00125","0.6","7.2","14.4","21.6","华东2（上海）"
,
,
,
类型,规格类型,节点规格,按量计费（元/小时）,包月,包1年,包2年,包3年,地域
"只读实例","独享型","rds.mssql.ee.ro.x8.2c16g","9.38","4500","54000","108000","162000","华东2（上海）"
"只读实例","独享型","rds.mssql.ee.ro.x8.2c16g","9.38","4500","54000","108000","162000","华南1（广州）"
"只读实例","独享型","rds.mssql.ee.ro.x8.2c16g","9.38","4500","54000","108000","162000","华北2（北京）"
"只读实例","独享型","rds.mssql.ee.ro.x8.4c32g","18.75","9000","108000","216000","324000","华东2（上海）"
"只读实例","独享型","rds.mssql.ee.ro.x8.4c32g","18.75","9000","108000","216000","324000","华南1（广州）"
"只读实例","独享型","rds.mssql.ee.ro.x8.4c32g","18.75","9000","108000","216000","324000","华北2（北京）"
"只读实例","独享型","rds.mssql.ee.ro.x8.8c64g","37.5","18000","216000","432000","648000","华东2（上海）"
"只读实例","独享型","rds.mssql.ee.ro.x8.8c64g","37.5","18000","216000","432000","648000","华南1（广州）"
"只读实例","独享型","rds.mssql.ee.ro.x8.8c64g","37.5","18000","216000","432000","648000","华北2（北京）"
"只读实例","独享型","rds.mssql.ee.ro.x8.16c128g","70.83","34000","408000","816000","1224000","华东2（上海）"
"只读实例","独享型","rds.mssql.ee.ro.x8.16c128g","70.83","34000","408000","816000","1224000","华南1（广州）"
"只读实例","独享型","rds.mssql.ee.ro.x8.16c128g","70.83","34000","408000","816000","1224000","华北2（北京）"
"只读实例","独享型","rds.mssql.ee.ro.x8.32c256g","141.67","68000","816000","1632000","2448000","华东2（上海）"
"只读实例","独享型","rds.mssql.ee.ro.x8.32c256g","141.67","68000","816000","1632000","2448000","华南1（广州）"
"只读实例","独享型","rds.mssql.ee.ro.x8.32c256g","141.67","68000","816000","1632000","2448000","华北2（北京）"
"只读实例","独享Ⅱ型","rds.mssql.3il.x8.medium.ro","9.38","4500","54000","108000","162000","华东2（上海）"
"只读实例","独享Ⅱ型","rds.mssql.3il.x8.medium.ro","15.94","7650","91800","183600","275400","中国香港"
"只读实例","独享Ⅱ型","rds.mssql.3il.x8.medium.ro","9.38","4500","54000","108000","162000","华南1（广州）"
"只读实例","独享Ⅱ型","rds.mssql.3il.x8.medium.ro","9.38","4500","54000","108000","162000","华北2（北京）"
"只读实例","独享Ⅱ型","rds.mssql.3il.x8.medium.ro","9.38","4500","54000","108000","162000","亚太东南（雅加达）"
"只读实例","独享Ⅱ型","rds.mssql.3il.x8.medium.ro","9.38","4500","54000","108000","162000","亚太东南（柔佛）"
"只读实例","独享Ⅱ型","rds.mssql.3il.x8.large.ro","18.75","9000","108000","216000","324000","华东2（上海）"
"只读实例","独享Ⅱ型","rds.mssql.3il.x8.large.ro","31.88","15300","183600","367200","550800","中国香港"
"只读实例","独享Ⅱ型","rds.mssql.3il.x8.large.ro","18.75","9000","108000","216000","324000","华南1（广州）"
"只读实例","独享Ⅱ型","rds.mssql.3il.x8.large.ro","18.75","9000","108000","216000","324000","华北2（北京）"
"只读实例","独享Ⅱ型","rds.mssql.3il.x8.large.ro","18.75","9000","108000","216000","324000","亚太东南（雅加达）"
"只读实例","独享Ⅱ型","rds.mssql.3il.x8.large.ro","18.75","9000","108000","216000","324000","亚太东南（柔佛）"
"只读实例","独享Ⅱ型","rds.mssql.3il.x8.xlarge.ro","37.5","18000","216000","432000","648000","华东2（上海）"
"只读实例","独享Ⅱ型","rds.mssql.3il.x8.xlarge.ro","63.75","30600","367200","734400","1101600","中国香港"
"只读实例","独享Ⅱ型","rds.mssql.3il.x8.xlarge.ro","37.5","18000","216000","432000","648000","华南1（广州）"
"只读实例","独享Ⅱ型","rds.mssql.3il.x8.xlarge.ro","37.5","18000","216000","432000","648000","华北2（北京）"
"只读实例","独享Ⅱ型","rds.mssql.3il.x8.xlarge.ro","37.5","18000","216000","432000","648000","亚太东南（雅加达）"
"只读实例","独享Ⅱ型","rds.mssql.3il.x8.xlarge.ro","37.5","18000","216000","432000","648000","亚太东南（柔佛）"
"只读实例","独享Ⅱ型","rds.mssql.3il.x8.2xlarge.ro","70.83","34000","408000","816000","1224000","华东2（上海）"
"只读实例","独享Ⅱ型","rds.mssql.3il.x8.2xlarge.ro","120.42","57800","693600","1387200","2080800","中国香港"
"只读实例","独享Ⅱ型","rds.mssql.3il.x8.2xlarge.ro","70.83","34000","408000","816000","1224000","华南1（广州）"
"只读实例","独享Ⅱ型","rds.mssql.3il.x8.2xlarge.ro","70.83","34000","408000","816000","1224000","华北2（北京）"
"只读实例","独享Ⅱ型","rds.mssql.3il.x8.2xlarge.ro","70.83","34000","408000","816000","1224000","亚太东南（雅加达）"
"只读实例","独享Ⅱ型","rds.mssql.3il.x8.2xlarge.ro","70.83","34000","408000","816000","1224000","亚太东南（柔佛）"
"只读实例","独享Ⅱ型","rds.mssql.3il.x8.4xlarge.ro","141.67","68000","816000","1632000","2448000","华东2（上海）"
"只读实例","独享Ⅱ型","rds.mssql.3il.x8.4xlarge.ro","240.83","115600","1387200","2774400","4161600","中国香港"
"只读实例","独享Ⅱ型","rds.mssql.3il.x8.4xlarge.ro","141.67","68000","816000","1632000","2448000","华南1（广州）"
"只读实例","独享Ⅱ型","rds.mssql.3il.x8.4xlarge.ro","141.67","68000","816000","1632000","2448000","华北2（北京）"
"只读实例","独享Ⅱ型","rds.mssql.3il.x8.4xlarge.ro","141.67","68000","816000","1632000","2448000","亚太东南（雅加达）"
"只读实例","独享Ⅱ型","rds.mssql.3il.x8.4xlarge.ro","141.67","68000","816000","1632000","2448000","亚太东南（柔佛）"
"只读实例","通用型","rds.mssql.ee.ro.d2.2c4g","2.08","1000","12000","24000","36000","华东2（上海）"
"只读实例","通用型","rds.mssql.ee.ro.d2.2c4g","2.08","1000","12000","24000","36000","华南1（广州）"
"只读实例","通用型","rds.mssql.ee.ro.d2.2c4g","2.08","1000","12000","24000","36000","华北2（北京）"
"只读实例","通用型","rds.mssql.ee.ro.d4.2c8g","3.33","1600","19200","38400","57600","华东2（上海）"
"只读实例","通用型","rds.mssql.ee.ro.d4.2c8g","3.33","1600","19200","38400","57600","华南1（广州）"
"只读实例","通用型","rds.mssql.ee.ro.d4.2c8g","3.33","1600","19200","38400","57600","华北2（北京）"
"只读实例","通用型","rds.mssql.ee.ro.d2.4c8g","4.17","2000","24000","48000","72000","华东2（上海）"
"只读实例","通用型","rds.mssql.ee.ro.d2.4c8g","4.17","2000","24000","48000","72000","华南1（广州）"
"只读实例","通用型","rds.mssql.ee.ro.d2.4c8g","4.17","2000","24000","48000","72000","华北2（北京）"
"只读实例","通用型","rds.mssql.ee.ro.d4.4c16g","6.67","3200","38400","76800","115200","华东2（上海）"
"只读实例","通用型","rds.mssql.ee.ro.d4.4c16g","6.67","3200","38400","76800","115200","华南1（广州）"
"只读实例","通用型","rds.mssql.ee.ro.d4.4c16g","6.67","3200","38400","76800","115200","华北2（北京）"
"只读实例","通用型","rds.mssql.ee.ro.d2.8c16g","8.33","4000","48000","96000","144000","华东2（上海）"
"只读实例","通用型","rds.mssql.ee.ro.d2.8c16g","8.33","4000","48000","96000","144000","华南1（广州）"
"只读实例","通用型","rds.mssql.ee.ro.d2.8c16g","8.33","4000","48000","96000","144000","华北2（北京）"
"只读实例","通用型","rds.mssql.ee.ro.d4.8c32g","13.33","6400","76800","153600","230400","华东2（上海）"
"只读实例","通用型","rds.mssql.ee.ro.d4.8c32g","13.33","6400","76800","153600","230400","华南1（广州）"
"只读实例","通用型","rds.mssql.ee.ro.d4.8c32g","13.33","6400","76800","153600","230400","华北2（北京）"
"只读实例","通用型","rds.mssql.ee.ro.d2.16c32g","16.67","8000","96000","192000","288000","华东2（上海）"
"只读实例","通用型","rds.mssql.ee.ro.d2.16c32g","16.67","8000","96000","192000","288000","华南1（广州）"
"只读实例","通用型","rds.mssql.ee.ro.d2.16c32g","16.67","8000","96000","192000","288000","华北2（北京）"
"只读实例","通用型","rds.mssql.ee.ro.d4.16c64g","26.67","12800","153600","307200","460800","华东2（上海）"
"只读实例","通用型","rds.mssql.ee.ro.d4.16c64g","26.67","12800","153600","307200","460800","华南1（广州）"
"只读实例","通用型","rds.mssql.ee.ro.d4.16c64g","26.67","12800","153600","307200","460800","华北2（北京）"
"只读实例","通用型","rds.mssql.ee.ro.d4.32c128g","53.33","25600","307200","614400","921600","华东2（上海）"
"只读实例","通用型","rds.mssql.ee.ro.d4.32c128g","53.33","25600","307200","614400","921600","华南1（广州）"
"只读实例","通用型","rds.mssql.ee.ro.d4.32c128g","53.33","25600","307200","614400","921600","华北2（北京）"
"只读实例","通用Ⅱ型","rds.mssql.3il.s2.medium.ro","2.08","1000","12000","24000","36000","华东2（上海）"
"只读实例","通用Ⅱ型","rds.mssql.3il.s2.medium.ro","3.54","1700","20400","40800","61200","中国香港"
"只读实例","通用Ⅱ型","rds.mssql.3il.s2.medium.ro","2.08","1000","12000","24000","36000","华南1（广州）"
"只读实例","通用Ⅱ型","rds.mssql.3il.s2.medium.ro","2.08","1000","12000","24000","36000","华北2（北京）"
"只读实例","通用Ⅱ型","rds.mssql.3il.s2.medium.ro","2.08","1000","12000","24000","36000","亚太东南（雅加达）"
"只读实例","通用Ⅱ型","rds.mssql.3il.s2.medium.ro","3.75","1800","21600","43200","64800","亚太东南（柔佛）"
"只读实例","通用Ⅱ型","rds.mssql.3il.s2.large.ro","4.17","2000","24000","48000","72000","华东2（上海）"
"只读实例","通用Ⅱ型","rds.mssql.3il.s2.large.ro","7.08","3400","40800","81600","122400","中国香港"
"只读实例","通用Ⅱ型","rds.mssql.3il.s2.large.ro","4.17","2000","24000","48000","72000","华南1（广州）"
"只读实例","通用Ⅱ型","rds.mssql.3il.s2.large.ro","4.17","2000","24000","48000","72000","华北2（北京）"
"只读实例","通用Ⅱ型","rds.mssql.3il.s2.large.ro","4.17","2000","24000","48000","72000","亚太东南（雅加达）"
"只读实例","通用Ⅱ型","rds.mssql.3il.s2.large.ro","7.5","3600","43200","86400","129600","亚太东南（柔佛）"
"只读实例","通用Ⅱ型","rds.mssql.3il.s2.xlarge.ro","8.33","4000","48000","96000","144000","华东2（上海）"
"只读实例","通用Ⅱ型","rds.mssql.3il.s2.xlarge.ro","14.17","6800","81600","163200","244800","中国香港"
"只读实例","通用Ⅱ型","rds.mssql.3il.s2.xlarge.ro","8.33","4000","48000","96000","144000","华南1（广州）"
"只读实例","通用Ⅱ型","rds.mssql.3il.s2.xlarge.ro","8.33","4000","48000","96000","144000","华北2（北京）"
"只读实例","通用Ⅱ型","rds.mssql.3il.s2.xlarge.ro","8.33","4000","48000","96000","144000","亚太东南（雅加达）"
"只读实例","通用Ⅱ型","rds.mssql.3il.s2.xlarge.ro","15","7200","86400","172800","259200","亚太东南（柔佛）"
"只读实例","通用Ⅱ型","rds.mssql.3il.s2.2xlarge.ro","16.67","8000","96000","192000","288000","华东2（上海）"
"只读实例","通用Ⅱ型","rds.mssql.3il.s2.2xlarge.ro","28.33","13600","163200","326400","489600","中国香港"
"只读实例","通用Ⅱ型","rds.mssql.3il.s2.2xlarge.ro","16.67","8000","96000","192000","288000","华南1（广州）"
"只读实例","通用Ⅱ型","rds.mssql.3il.s2.2xlarge.ro","16.67","8000","96000","192000","288000","华北2（北京）"
"只读实例","通用Ⅱ型","rds.mssql.3il.s2.2xlarge.ro","16.67","8000","96000","192000","288000","亚太东南（雅加达）"
"只读实例","通用Ⅱ型","rds.mssql.3il.s2.2xlarge.ro","30","14400","172800","345600","518400","亚太东南（柔佛）"
"只读实例","通用Ⅱ型","rds.mssql.3il.s4.medium.ro","3.33","1600","19200","38400","57600","华东2（上海）"
"只读实例","通用Ⅱ型","rds.mssql.3il.s4.medium.ro","5.67","2720","32640","65280","97920","中国香港"
"只读实例","通用Ⅱ型","rds.mssql.3il.s4.medium.ro","3.33","1600","19200","38400","57600","华南1（广州）"
"只读实例","通用Ⅱ型","rds.mssql.3il.s4.medium.ro","3.33","1600","19200","38400","57600","华北2（北京）"
"只读实例","通用Ⅱ型","rds.mssql.3il.s4.medium.ro","3.33","1600","19200","38400","57600","亚太东南（雅加达）"
"只读实例","通用Ⅱ型","rds.mssql.3il.s4.medium.ro","6","2880","34560","69120","103680","亚太东南（柔佛）"
"只读实例","通用Ⅱ型","rds.mssql.3il.s4.large.ro","6.67","3200","38400","76800","115200","华东2（上海）"
"只读实例","通用Ⅱ型","rds.mssql.3il.s4.large.ro","11.33","5440","65280","130560","195840","中国香港"
"只读实例","通用Ⅱ型","rds.mssql.3il.s4.large.ro","6.67","3200","38400","76800","115200","华南1（广州）"
"只读实例","通用Ⅱ型","rds.mssql.3il.s4.large.ro","6.67","3200","38400","76800","115200","华北2（北京）"
"只读实例","通用Ⅱ型","rds.mssql.3il.s4.large.ro","6.67","3200","38400","76800","115200","亚太东南（雅加达）"
"只读实例","通用Ⅱ型","rds.mssql.3il.s4.large.ro","12","5760","69120","138240","207360","亚太东南（柔佛）"
"只读实例","通用Ⅱ型","rds.mssql.3il.s4.xlarge.ro","13.33","6400","76800","153600","230400","华东2（上海）"
"只读实例","通用Ⅱ型","rds.mssql.3il.s4.xlarge.ro","22.67","10880","130560","261120","391680","中国香港"
"只读实例","通用Ⅱ型","rds.mssql.3il.s4.xlarge.ro","13.33","6400","76800","153600","230400","华南1（广州）"
"只读实例","通用Ⅱ型","rds.mssql.3il.s4.xlarge.ro","13.33","6400","76800","153600","230400","华北2（北京）"
"只读实例","通用Ⅱ型","rds.mssql.3il.s4.xlarge.ro","13.33","6400","76800","153600","230400","亚太东南（雅加达）"
"只读实例","通用Ⅱ型","rds.mssql.3il.s4.xlarge.ro","24","11520","138240","276480","414720","亚太东南（柔佛）"
"只读实例","通用Ⅱ型","rds.mssql.3il.s4.2xlarge.ro","26.67","12800","153600","307200","460800","华东2（上海）"
"只读实例","通用Ⅱ型","rds.mssql.3il.s4.2xlarge.ro","45.33","21760","261120","522240","783360","中国香港"
"只读实例","通用Ⅱ型","rds.mssql.3il.s4.2xlarge.ro","26.67","12800","153600","307200","460800","华南1（广州）"
"只读实例","通用Ⅱ型","rds.mssql.3il.s4.2xlarge.ro","26.67","12800","153600","307200","460800","华北2（北京）"
"只读实例","通用Ⅱ型","rds.mssql.3il.s4.2xlarge.ro","26.67","12800","153600","307200","460800","亚太东南（雅加达）"
"只读实例","通用Ⅱ型","rds.mssql.3il.s4.2xlarge.ro","48","23040","276480","552960","829440","亚太东南（柔佛）"
"只读实例","通用Ⅱ型","rds.mssql.3il.s4.4xlarge.ro","53.33","25600","307200","614400","921600","华东2（上海）"
"只读实例","通用Ⅱ型","rds.mssql.3il.s4.4xlarge.ro","90.67","43520","522240","1044480","1566720","中国香港"
"只读实例","通用Ⅱ型","rds.mssql.3il.s4.4xlarge.ro","53.33","25600","307200","614400","921600","华南1（广州）"
"只读实例","通用Ⅱ型","rds.mssql.3il.s4.4xlarge.ro","53.33","25600","307200","614400","921600","华北2（北京）"
"只读实例","通用Ⅱ型","rds.mssql.3il.s4.4xlarge.ro","53.33","25600","307200","614400","921600","亚太东南（雅加达）"
"只读实例","通用Ⅱ型","rds.mssql.3il.s4.4xlarge.ro","96","46080","552960","1105920","1658880","亚太东南（柔佛）"
,
,
,
类型,规格代码,按量计费（元/GiB/小时）,包月（元/GiB/月）,包1年,包2年,包3年,地域
"基础版-ESSDP1","rds.mssql.std.essdp1","0.00125","0.6","7.2","14.4","21.6","华东2（上海）"
"基础版-ESSDP1","rds.mssql.std.essdp1","0.001875","0.9","10.8","21.6","32.4","中国香港"
"基础版-ESSDP1","rds.mssql.std.essdp1","0.00125","0.6","7.2","14.4","21.6","华南1（广州）"
"基础版-ESSDP1","rds.mssql.std.essdp1","0.00125","0.6","7.2","14.4","21.6","华北2（北京）"
"基础版-ESSDP1","rds.mssql.std.essdp1","0.001875","0.9","10.8","21.6","32.4","亚太东南（雅加达）"
"基础版-ESSDP1","rds.mssql.std.essdp1","0.001875","0.9","10.8","21.6","32.4","亚太东南（柔佛）"