实例规格,vCPU,内存,按量计费(元/小时),包月(元/月),包年单价,包3年单价,地域
"es.x4.small","1核","4GiB","0.51","220.05","2640.6","7921.8","亚太东南（雅加达）"
"es.x4.small","1核","4GiB","0.65","182.43","2189.16","6567.48","华北2（北京）"
"es.x4.small","1核","4GiB","0.65","182.43","2189.16","6567.48","华南1（广州）"
"es.x4.small","1核","4GiB","0.65","182.43","2189.16","6567.48","华东2（上海）"
"es.x4.small","1核","4GiB","0.51","242.91","2914.92","8744.76","亚太东南（柔佛）"
"es.x4.small","1核","4GiB","0.51","242.91","2914.92","8744.76","中国香港"
"es.x2.medium","2核","4GiB","0.77","367.21","4406.52","13219.56","亚太东南（雅加达）"
"es.x2.medium","2核","4GiB","0.87","243.18","2918.16","8754.48","华北2（北京）"
"es.x2.medium","2核","4GiB","0.87","243.18","2918.16","8754.48","华南1（广州）"
"es.x2.medium","2核","4GiB","0.87","243.18","2918.16","8754.48","华东2（上海）"
"es.x2.medium","2核","4GiB","0.67","323.82","3885.84","11657.52","亚太东南（柔佛）"
"es.x2.medium","2核","4GiB","0.67","323.82","3885.84","11657.52","中国香港"
"es.x4.medium","2核","8GiB","0.99","440.11","5281.32","15843.96","亚太东南（雅加达）"
"es.x4.medium","2核","8GiB","1.01","485.82","5829.84","17489.52","亚太东南（柔佛）"
"es.x4.medium","2核","8GiB","1.31","364.86","4378.32","13134.96","华北2（北京）"
"es.x4.medium","2核","8GiB","1.31","364.86","4378.32","13134.96","华南1（广州）"
"es.x4.medium","2核","8GiB","1.31","364.86","4378.32","13134.96","华东2（上海）"
"es.x4.medium","2核","8GiB","1.01","485.82","5829.84","17489.52","中国香港"
"es.x8.medium","2核","16GiB","1.26","588.61","7063.32","21189.96","亚太东南（雅加达）"
"es.x8.medium","2核","16GiB","1.41","392.22","4706.64","14119.92","华北2（北京）"
"es.x8.medium","2核","16GiB","1.41","392.22","4706.64","14119.92","华南1（广州）"
"es.x8.medium","2核","16GiB","1.41","392.22","4706.64","14119.92","华东2（上海）"
"es.x8.medium","2核","16GiB","1.27","590.22","7082.64","21247.92","亚太东南（柔佛）"
"es.x8.medium","2核","16GiB","1.27","590.22","7082.64","21247.92","中国香港"
"es.x2.large","4核","8GiB","1.54","768.61","9223.32","27669.96","亚太东南（雅加达）"
"es.x2.large","4核","8GiB","1.74","486.36","5836.32","17508.96","华北2（北京）"
"es.x2.large","4核","8GiB","1.74","486.36","5836.32","17508.96","华南1（广州）"
"es.x2.large","4核","8GiB","1.74","486.36","5836.32","17508.96","华东2（上海）"
"es.x2.large","4核","8GiB","1.34","647.64","7771.68","23315.04","亚太东南（柔佛）"
"es.x2.large","4核","8GiB","1.34","647.64","7771.68","23315.04","中国香港"
"es.x4.large","4核","16GiB","2.01","880.21","10562.52","31687.56","亚太东南（雅加达）"
"es.x4.large","4核","16GiB","2.01","971.64","11659.68","34979.04","亚太东南（柔佛）"
"es.x4.large","4核","16GiB","2.61","729.72","8756.64","26269.92","华北2（北京）"
"es.x4.large","4核","16GiB","2.61","729.72","8756.64","26269.92","华南1（广州）"
"es.x4.large","4核","16GiB","2.61","729.72","8756.64","26269.92","华东2（上海）"
"es.x4.large","4核","16GiB","2.01","971.64","11659.68","34979.04","中国香港"
"es.x8.large","4核","32GiB","2.47","1134.91","13618.92","40856.76","亚太东南（雅加达）"
"es.x8.large","4核","32GiB","2.82","784.44","9413.28","28239.84","华北2（北京）"
"es.x8.large","4核","32GiB","2.82","784.44","9413.28","28239.84","华南1（广州）"
"es.x8.large","4核","32GiB","2.82","784.44","9413.28","28239.84","华东2（上海）"
"es.x8.large","4核","32GiB","2.54","1180.44","14165.28","42495.84","亚太东南（柔佛）"
"es.x8.large","4核","32GiB","2.54","1180.44","14165.28","42495.84","中国香港"
"es.x2.xlarge","8核","16GiB","3.02","1494.91","17938.92","53816.76","亚太东南（雅加达）"
"es.x2.xlarge","8核","16GiB","3.48","972.72","11672.64","35017.92","华北2（北京）"
"es.x2.xlarge","8核","16GiB","3.48","972.72","11672.64","35017.92","华南1（广州）"
"es.x2.xlarge","8核","16GiB","3.48","972.72","11672.64","35017.92","华东2（上海）"
"es.x2.xlarge","8核","16GiB","2.69","1295.28","15543.36","46630.08","亚太东南（柔佛）"
"es.x2.xlarge","8核","16GiB","2.69","1295.28","15543.36","46630.08","中国香港"
"es.x4.xlarge","8核","32GiB","3.97","1723.51","20682.12","62046.36","亚太东南（雅加达）"
"es.x4.xlarge","8核","32GiB","4.03","1943.28","23319.36","69958.08","亚太东南（柔佛）"
"es.x4.xlarge","8核","32GiB","5.22","1459.44","17513.28","52539.84","华北2（北京）"
"es.x4.xlarge","8核","32GiB","5.22","1459.44","17513.28","52539.84","华南1（广州）"
"es.x4.xlarge","8核","32GiB","5.22","1459.44","17513.28","52539.84","华东2（上海）"
"es.x4.xlarge","8核","32GiB","4.03","1943.28","23319.36","69958.08","中国香港"
"es.x8.xlarge","8核","64GiB","4.86","2224.81","26697.72","80093.16","亚太东南（雅加达）"
"es.x8.xlarge","8核","64GiB","5.64","1568.88","18826.56","56479.68","华北2（北京）"
"es.x8.xlarge","8核","64GiB","5.64","1568.88","18826.56","56479.68","华南1（广州）"
"es.x8.xlarge","8核","64GiB","5.64","1568.88","18826.56","56479.68","华东2（上海）"
"es.x8.xlarge","8核","64GiB","5.08","2360.88","28330.56","84991.68","亚太东南（柔佛）"
"es.x8.xlarge","8核","64GiB","5.08","2360.88","28330.56","84991.68","中国香港"
"es.x1.2xlarge","16核","16GiB","5.59","2615.41","31384.92","94154.76","亚太东南（雅加达）"
"es.x1.2xlarge","16核","16GiB","5.23","1458.72","17504.64","52513.92","华北2（北京）"
"es.x1.2xlarge","16核","16GiB","5.23","1458.72","17504.64","52513.92","华南1（广州）"
"es.x1.2xlarge","16核","16GiB","5.23","1458.72","17504.64","52513.92","华东2（上海）"
"es.x1.2xlarge","16核","16GiB","5.33","2535","30420","91260","亚太东南（柔佛）"
"es.x1.2xlarge","16核","16GiB","5.33","2535","30420","91260","中国香港"
"es.x2.2xlarge","16核","32GiB","6.26","2970.91","35650.92","106952.76","亚太东南（雅加达）"
"es.x2.2xlarge","16核","32GiB","6.96","1945.44","23345.28","70035.84","华东2（上海）"
"es.x2.2xlarge","16核","32GiB","6.96","1945.44","23345.28","70035.84","华南1（广州）"
"es.x2.2xlarge","16核","32GiB","6.96","1945.44","23345.28","70035.84","华北2（北京）"
"es.x2.2xlarge","16核","32GiB","5.38","2590.56","31086.72","93260.16","亚太东南（柔佛）"
"es.x2.2xlarge","16核","32GiB","5.38","2590.56","31086.72","93260.16","中国香港"
"es.x4.2xlarge","16核","64GiB","7.88","3409.21","40910.52","122731.56","亚太东南（雅加达）"
"es.x4.2xlarge","16核","64GiB","8.06","3886.56","46638.72","139916.16","亚太东南（柔佛）"
"es.x4.2xlarge","16核","64GiB","10.45","2918.88","35026.56","105079.68","华北2（北京）"
"es.x4.2xlarge","16核","64GiB","10.45","2918.88","35026.56","105079.68","华南1（广州）"
"es.x4.2xlarge","16核","64GiB","10.45","2918.88","35026.56","105079.68","华东2（上海）"
"es.x4.2xlarge","16核","64GiB","8.06","3886.56","46638.72","139916.16","中国香港"
"es.x8.2xlarge","16核","128GiB","9.72","4449.61","53395.32","160185.96","亚太东南（雅加达）"
"es.x8.2xlarge","16核","128GiB","11.28","3137.76","37653.12","112959.36","华北2（北京）"
"es.x8.2xlarge","16核","128GiB","11.28","3137.76","37653.12","112959.36","华南1（广州）"
"es.x8.2xlarge","16核","128GiB","11.28","3137.76","37653.12","112959.36","华东2（上海）"
"es.x8.2xlarge","16核","128GiB","10.16","4721.76","56661.12","169983.36","亚太东南（柔佛）"
"es.x8.2xlarge","16核","128GiB","10.16","4721.76","56661.12","169983.36","中国香港"
"es.x2.2.5xlarge","24核","48GiB","9.23","4611.61","55339.32","166017.96","亚太东南（雅加达）"
"es.x2.2.5xlarge","24核","48GiB","10.44","2918.16","35017.92","105053.76","华北2（北京）"
"es.x2.2.5xlarge","24核","48GiB","10.44","2918.16","35017.92","105053.76","华南1（广州）"
"es.x2.2.5xlarge","24核","48GiB","10.44","2918.16","35017.92","105053.76","华东2（上海）"
"es.x2.2.5xlarge","24核","48GiB","8.07","3885.84","46630.08","139890.24","亚太东南（柔佛）"
"es.x2.2.5xlarge","24核","48GiB","8.07","3885.84","46630.08","139890.24","中国香港"
"es.x4.2.5xlarge","24核","96GiB","12.04","5281.21","63374.52","190123.56","亚太东南（雅加达）"
"es.x4.2.5xlarge","24核","96GiB","15.68","4378.32","52539.84","157619.52","华北2（北京）"
"es.x4.2.5xlarge","24核","96GiB","15.68","4378.32","52539.84","157619.52","华南1（广州）"
"es.x4.2.5xlarge","24核","96GiB","15.68","4378.32","52539.84","157619.52","华东2（上海）"
"es.x4.2.5xlarge","24核","96GiB","12.09","5829.84","69958.08","209874.24","亚太东南（柔佛）"
"es.x4.2.5xlarge","24核","96GiB","12.09","5829.84","69958.08","209874.24","中国香港"
"es.x8.2.5xlarge","24核","192GiB","14.81","6809.41","81712.92","245138.76","亚太东南（雅加达）"
"es.x8.2.5xlarge","24核","192GiB","16.92","4706.64","56479.68","169439.04","华北2（北京）"
"es.x8.2.5xlarge","24核","192GiB","16.92","4706.64","56479.68","169439.04","华南1（广州）"
"es.x8.2.5xlarge","24核","192GiB","16.92","4706.64","56479.68","169439.04","华东2（上海）"
"es.x8.2.5xlarge","24核","192GiB","15.24","7082.64","84991.68","254975.04","亚太东南（柔佛）"
"es.x8.2.5xlarge","24核","192GiB","15.24","7082.64","84991.68","254975.04","中国香港"
"es.x1.3xlarge","32核","32GiB","11.18","5230.81","62769.72","188309.16","亚太东南（雅加达）"
"es.x1.3xlarge","32核","32GiB","10.46","2917.44","35009.28","105027.84","华北2（北京）"
"es.x1.3xlarge","32核","32GiB","10.46","2917.44","35009.28","105027.84","华南1（广州）"
"es.x1.3xlarge","32核","32GiB","10.46","2917.44","35009.28","105027.84","华东2（上海）"
"es.x1.3xlarge","32核","32GiB","10.68","5070","60840","182520","亚太东南（柔佛）"
"es.x1.3xlarge","32核","32GiB","10.68","5070","60840","182520","中国香港"
"es.x2.3xlarge","32核","64GiB","12.47","5904.91","70858.92","212576.76","亚太东南（雅加达）"
"es.x2.3xlarge","32核","64GiB","10.76","5181.12","62173.44","186520.32","亚太东南（柔佛）"
"es.x2.3xlarge","32核","64GiB","13.93","3890.88","46690.56","140071.68","华东2（上海）"
"es.x2.3xlarge","32核","64GiB","13.93","3890.88","46690.56","140071.68","华南1（广州）"
"es.x2.3xlarge","32核","64GiB","13.93","3890.88","46690.56","140071.68","华北2（北京）"
"es.x2.3xlarge","32核","64GiB","10.76","5181.12","62173.44","186520.32","中国香港"
"es.x4.3xlarge","32核","128GiB","15.75","6818.41","81820.92","245462.76","亚太东南（雅加达）"
"es.x4.3xlarge","32核","128GiB","20.9","5837.76","70053.12","210159.36","华北2（北京）"
"es.x4.3xlarge","32核","128GiB","20.9","5837.76","70053.12","210159.36","华南1（广州）"
"es.x4.3xlarge","32核","128GiB","20.9","5837.76","70053.12","210159.36","华东2（上海）"
"es.x4.3xlarge","32核","128GiB","16.12","7773.12","93277.44","279832.32","亚太东南（柔佛）"
"es.x4.3xlarge","32核","128GiB","16.12","7773.12","93277.44","279832.32","中国香港"
"es.x8.3xlarge","32核","256GiB","20.32","9443.52","113322.24","339966.72","亚太东南（柔佛）"
"es.x8.3xlarge","32核","256GiB","19.44","8899.21","106790.52","320371.56","亚太东南（雅加达）"
"es.x8.3xlarge","32核","256GiB","22.56","6275.52","75306.24","225918.72","华北2（北京）"
"es.x8.3xlarge","32核","256GiB","22.56","6275.52","75306.24","225918.72","华南1（广州）"
"es.x8.3xlarge","32核","256GiB","20.32","9443.52","113322.24","339966.72","中国香港"
"es.x8.3xlarge","32核","256GiB","22.56","6275.52","75306.24","225918.72","华东2（上海）"
"es.x2.5xlarge","48核","96GiB","20.88","5836.32","70035.84","210107.52","华东2（上海）"
"es.x2.5xlarge","48核","96GiB","16.14","7771.68","93260.16","279780.48","中国香港"
"es.x2.5xlarge","48核","96GiB","20.88","5836.32","70035.84","210107.52","华南1（广州）"
"es.x2.5xlarge","48核","96GiB","20.88","5836.32","70035.84","210107.52","华北2（北京）"
"es.x2.5xlarge","48核","96GiB","18.78","8912.73","106952.76","320858.28","亚太东南（雅加达）"
"es.x2.5xlarge","48核","96GiB","16.14","7771.68","93260.16","279780.48","亚太东南（柔佛）"
"es.x4.5xlarge","48核","192GiB","31.35","8756.64","105079.68","315239.04","华东2（上海）"
"es.x4.5xlarge","48核","192GiB","24.18","11659.68","139916.16","419748.48","中国香港"
"es.x4.5xlarge","48核","192GiB","31.35","8756.64","105079.68","315239.04","华南1（广州）"
"es.x4.5xlarge","48核","192GiB","31.35","8756.64","105079.68","315239.04","华北2（北京）"
"es.x4.5xlarge","48核","192GiB","23.64","10227.63","122731.56","368194.68","亚太东南（雅加达）"
"es.x4.5xlarge","48核","192GiB","24.18","11659.68","139916.16","419748.48","亚太东南（柔佛）"
"es.x1.6xlarge","64核","64GiB","20.92","5834.88","70018.56","210055.68","华东2（上海）"
"es.x1.6xlarge","64核","64GiB","21.32","10140","121680","365040","中国香港"
"es.x1.6xlarge","64核","64GiB","20.92","5834.88","70018.56","210055.68","华南1（广州）"
"es.x1.6xlarge","64核","64GiB","20.92","5834.88","70018.56","210055.68","华北2（北京）"
"es.x1.6xlarge","64核","64GiB","22.36","10461.64","125539.68","376619.04","亚太东南（雅加达）"
"es.x1.6xlarge","64核","64GiB","21.32","10140","121680","365040","亚太东南（柔佛）"
,
,
,
实例规格,vCPU,内存,按量计费(元/小时),包月(元/月),包年单价,包3年单价,地域
"ls.x2.medium","2核","4GiB","0.65","272.8","3273.6","9820.8","亚太东南（柔佛）"
"ls.x2.medium","2核","4GiB","0.71","337.19","4046.28","12138.84","亚太东南（雅加达）"
"ls.x2.medium","2核","4GiB","0.72","198.2","2378.4","7135.2","华北2（北京）"
"ls.x2.medium","2核","4GiB","0.72","198.2","2378.4","7135.2","华南1（广州）"
"ls.x2.medium","2核","4GiB","0.65","272.8","3273.6","9820.8","中国香港"
"ls.x2.medium","2核","4GiB","0.72","198.2","2378.4","7135.2","华东2（上海）"
"ls.x4.medium","2核","8GiB","0.97","409.2","4910.4","14731.2","亚太东南（柔佛）"
"ls.x4.medium","2核","8GiB","0.91","386.26","4635.12","13905.36","亚太东南（雅加达）"
"ls.x4.medium","2核","8GiB","1.08","297.37","3568.44","10705.32","华北2（北京）"
"ls.x4.medium","2核","8GiB","1.08","297.37","3568.44","10705.32","华南1（广州）"
"ls.x4.medium","2核","8GiB","0.97","409.2","4910.4","14731.2","中国香港"
"ls.x4.medium","2核","8GiB","1.08","297.37","3568.44","10705.32","华东2（上海）"
"ls.x8.medium","2核","16GiB","1.23","497.23","5966.76","17900.28","亚太东南（柔佛）"
"ls.x8.medium","2核","16GiB","0.98","444.86","5338.32","16014.96","亚太东南（雅加达）"
"ls.x8.medium","2核","16GiB","1.27","353","4236","12708","华北2（北京）"
"ls.x8.medium","2核","16GiB","1.27","353","4236","12708","华南1（广州）"
"ls.x8.medium","2核","16GiB","1.23","497.23","5966.76","17900.28","中国香港"
"ls.x8.medium","2核","16GiB","1.27","353","4236","12708","华东2（上海）"
"ls.x2.large","4核","8GiB","1.3","545.6","6547.2","19641.6","亚太东南（柔佛）"
"ls.x2.large","4核","8GiB","1.42","674.37","8092.44","24277.32","亚太东南（雅加达）"
"ls.x2.large","4核","8GiB","1.44","396.39","4756.68","14270.04","华北2（北京）"
"ls.x2.large","4核","8GiB","1.44","396.39","4756.68","14270.04","华南1（广州）"
"ls.x2.large","4核","8GiB","1.3","545.6","6547.2","19641.6","中国香港"
"ls.x2.large","4核","8GiB","1.44","396.39","4756.68","14270.04","华东2（上海）"
"ls.x4.large","4核","16GiB","1.95","818.4","9820.8","29462.4","亚太东南（柔佛）"
"ls.x4.large","4核","16GiB","1.79","772.52","9270.24","27810.72","亚太东南（雅加达）"
"ls.x4.large","4核","16GiB","2.15","594.73","7136.76","21410.28","华北2（北京）"
"ls.x4.large","4核","16GiB","2.15","594.73","7136.76","21410.28","华南1（广州）"
"ls.x4.large","4核","16GiB","1.95","818.4","9820.8","29462.4","中国香港"
"ls.x4.large","4核","16GiB","2.15","594.73","7136.76","21410.28","华东2（上海）"
"ls.x8.large","4核","32GiB","2.46","994.46","11933.52","35800.56","亚太东南（柔佛）"
"ls.x8.large","4核","32GiB","1.96","889.71","10676.52","32029.56","亚太东南（雅加达）"
"ls.x8.large","4核","32GiB","2.54","706","8472","25416","华北2（北京）"
"ls.x8.large","4核","32GiB","2.54","706","8472","25416","华南1（广州）"
"ls.x8.large","4核","32GiB","2.46","994.46","11933.52","35800.56","中国香港"
"ls.x8.large","4核","32GiB","2.54","706","8472","25416","华东2（上海）"
"ls.x1.xlarge","8核","8GiB","2.59","1077.38","12928.56","38785.68","亚太东南（柔佛）"
"ls.x1.xlarge","8核","8GiB","2.25","1047.72","12572.64","37717.92","亚太东南（雅加达）"
"ls.x1.xlarge","8核","8GiB","2.36","656.43","7877.16","23631.48","华北2（北京）"
"ls.x1.xlarge","8核","8GiB","2.36","656.43","7877.16","23631.48","华南1（广州）"
"ls.x1.xlarge","8核","8GiB","2.59","1077.38","12928.56","38785.68","中国香港"
"ls.x1.xlarge","8核","8GiB","2.36","656.43","7877.16","23631.48","华东2（上海）"
"ls.x2.xlarge","8核","16GiB","2.6","1091.2","13094.4","39283.2","亚太东南（柔佛）"
"ls.x2.xlarge","8核","16GiB","2.84","1348.74","16184.88","48554.64","亚太东南（雅加达）"
"ls.x2.xlarge","8核","16GiB","2.87","792.77","9513.24","28539.72","华北2（北京）"
"ls.x2.xlarge","8核","16GiB","2.87","792.77","9513.24","28539.72","华南1（广州）"
"ls.x2.xlarge","8核","16GiB","2.6","1091.2","13094.4","39283.2","中国香港"
"ls.x2.xlarge","8核","16GiB","2.87","792.77","9513.24","28539.72","华东2（上海）"
"ls.x4.xlarge","8核","32GiB","3.9","1636.8","19641.6","58924.8","亚太东南（柔佛）"
"ls.x4.xlarge","8核","32GiB","3.58","1545.05","18540.6","55621.8","亚太东南（雅加达）"
"ls.x4.xlarge","8核","32GiB","4.31","1189.45","14273.4","42820.2","华北2（北京）"
"ls.x4.xlarge","8核","32GiB","4.31","1189.45","14273.4","42820.2","华南1（广州）"
"ls.x4.xlarge","8核","32GiB","3.9","1636.8","19641.6","58924.8","中国香港"
"ls.x4.xlarge","8核","32GiB","4.31","1189.45","14273.4","42820.2","华东2（上海）"
"ls.x8.xlarge","8核","64GiB","4.92","1988.92","23867.04","71601.12","亚太东南（柔佛）"
"ls.x8.xlarge","8核","64GiB","3.92","1778.49","21341.88","64025.64","亚太东南（雅加达）"
"ls.x8.xlarge","8核","64GiB","5.08","1412","16944","50832","华北2（北京）"
"ls.x8.xlarge","8核","64GiB","5.08","1412","16944","50832","华南1（广州）"
"ls.x8.xlarge","8核","64GiB","4.92","1988.92","23867.04","71601.12","中国香港"
"ls.x8.xlarge","8核","64GiB","5.08","1412","16944","50832","华东2（上海）"
"ls.x1.1.5xlarge","12核","12GiB","3.89","1616.07","19392.84","58178.52","亚太东南（柔佛）"
"ls.x1.1.5xlarge","12核","12GiB","3.38","1572.52","18870.24","56610.72","亚太东南（雅加达）"
"ls.x1.1.5xlarge","12核","12GiB","3.54","984.64","11815.68","35447.04","华北2（北京）"
"ls.x1.1.5xlarge","12核","12GiB","3.54","984.64","11815.68","35447.04","华南1（广州）"
"ls.x1.1.5xlarge","12核","12GiB","3.89","1616.07","19392.84","58178.52","中国香港"
"ls.x1.1.5xlarge","12核","12GiB","3.53","984.64","11815.68","35447.04","华东2（上海）"
"ls.x2.1.5xlarge","12核","24GiB","3.9","1636.8","19641.6","58924.8","亚太东南（柔佛）"
"ls.x2.1.5xlarge","12核","24GiB","4.27","2023.11","24277.32","72831.96","亚太东南（雅加达）"
"ls.x2.1.5xlarge","12核","24GiB","4.32","1189.17","14270.04","42810.12","华北2（北京）"
"ls.x2.1.5xlarge","12核","24GiB","4.32","1189.17","14270.04","42810.12","华南1（广州）"
"ls.x2.1.5xlarge","12核","24GiB","3.9","1636.8","19641.6","58924.8","中国香港"
"ls.x2.1.5xlarge","12核","24GiB","4.32","1189.17","14270.04","42810.12","华东2（上海）"
"ls.x4.1.5xlarge","12核","48GiB","5.85","2455.2","29462.4","88387.2","亚太东南（柔佛）"
"ls.x4.1.5xlarge","12核","48GiB","5.37","2317.55","27810.6","83431.8","亚太东南（雅加达）"
"ls.x4.1.5xlarge","12核","48GiB","6.45","1784.19","21410.28","64230.84","华北2（北京）"
"ls.x4.1.5xlarge","12核","48GiB","6.45","1784.19","21410.28","64230.84","华南1（广州）"
"ls.x4.1.5xlarge","12核","48GiB","5.85","2455.2","29462.4","88387.2","中国香港"
"ls.x4.1.5xlarge","12核","48GiB","6.45","1784.19","21410.28","64230.84","华东2（上海）"
"ls.x8.1.5xlarge","12核","96GiB","7.38","2983.38","35800.56","107401.68","亚太东南（柔佛）"
"ls.x8.1.5xlarge","12核","96GiB","5.89","2669.14","32029.68","96089.04","亚太东南（雅加达）"
"ls.x8.1.5xlarge","12核","96GiB","7.62","2118","25416","76248","华北2（北京）"
"ls.x8.1.5xlarge","12核","96GiB","7.62","2118","25416","76248","华南1（广州）"
"ls.x8.1.5xlarge","12核","96GiB","7.38","2983.38","35800.56","107401.68","中国香港"
"ls.x8.1.5xlarge","12核","96GiB","7.62","2118","25416","76248","华东2（上海）"
"ls.x1.2xlarge","16核","16GiB","5.18","2154.76","25857.12","77571.36","亚太东南（柔佛）"
"ls.x1.2xlarge","16核","16GiB","4.51","2096.38","25156.56","75469.68","亚太东南（雅加达）"
"ls.x1.2xlarge","16核","16GiB","4.71","1312.85","15754.2","47262.6","华北2（北京）"
"ls.x1.2xlarge","16核","16GiB","4.71","1312.85","15754.2","47262.6","华南1（广州）"
"ls.x1.2xlarge","16核","16GiB","5.18","2154.76","25857.12","77571.36","中国香港"
"ls.x1.2xlarge","16核","16GiB","4.71","1312.85","15754.2","47262.6","华东2（上海）"
"ls.x2.2xlarge","16核","32GiB","5.21","2182.4","26188.8","78566.4","亚太东南（柔佛）"
"ls.x2.2xlarge","16核","32GiB","5.69","2689.03","32268.36","96805.08","亚太东南（雅加达）"
"ls.x2.2xlarge","16核","32GiB","5.74","1585.54","19026.48","57079.44","华北2（北京）"
"ls.x2.2xlarge","16核","32GiB","5.74","1585.54","19026.48","57079.44","华南1（广州）"
"ls.x2.2xlarge","16核","32GiB","5.21","2182.4","26188.8","78566.4","中国香港"
"ls.x2.2xlarge","16核","32GiB","5.74","1585.54","19026.48","57079.44","华东2（上海）"
"ls.x4.2xlarge","16核","64GiB","7.8","3273.6","39283.2","117849.6","亚太东南（柔佛）"
"ls.x4.2xlarge","16核","64GiB","7.17","3090.19","37082.28","111246.84","亚太东南（雅加达）"
"ls.x4.2xlarge","16核","64GiB","8.61","2378.89","28546.68","85640.04","华北2（北京）"
"ls.x4.2xlarge","16核","64GiB","8.61","2378.89","28546.68","85640.04","华南1（广州）"
"ls.x4.2xlarge","16核","64GiB","7.8","3273.6","39283.2","117849.6","中国香港"
"ls.x4.2xlarge","16核","64GiB","8.61","2378.89","28546.68","85640.04","华东2（上海）"
"ls.x8.2xlarge","16核","128GiB","9.84","3977.84","47734.08","143202.24","亚太东南（柔佛）"
"ls.x8.2xlarge","16核","128GiB","7.83","3556.98","42683.76","128051.28","亚太东南（雅加达）"
"ls.x8.2xlarge","16核","128GiB","10.16","2823.99","33887.88","101663.64","华北2（北京）"
"ls.x8.2xlarge","16核","128GiB","10.16","2823.99","33887.88","101663.64","华南1（广州）"
"ls.x8.2xlarge","16核","128GiB","9.84","3977.84","47734.08","143202.24","中国香港"
"ls.x8.2xlarge","16核","128GiB","10.16","2823.99","33887.88","101663.64","华东2（上海）"
"ls.x1.2.5xlarge","24核","24GiB","7.77","3232.14","38785.68","116357.04","亚太东南（柔佛）"
"ls.x1.2.5xlarge","24核","24GiB","6.75","3145.03","37740.36","113221.08","亚太东南（雅加达）"
"ls.x1.2.5xlarge","24核","24GiB","7.07","1969.28","23631.36","70894.08","华北2（北京）"
"ls.x1.2.5xlarge","24核","24GiB","7.07","1969.28","23631.36","70894.08","华南1（广州）"
"ls.x1.2.5xlarge","24核","24GiB","7.77","3232.14","38785.68","116357.04","中国香港"
"ls.x1.2.5xlarge","24核","24GiB","7.07","1969.28","23631.36","70894.08","华东2（上海）"
"ls.x2.2.5xlarge","24核","48GiB","7.81","3273.6","39283.2","117849.6","亚太东南（柔佛）"
"ls.x2.2.5xlarge","24核","48GiB","8.53","4046.22","48554.64","145663.92","亚太东南（雅加达）"
"ls.x2.2.5xlarge","24核","48GiB","8.61","2378.31","28539.72","85619.16","华北2（北京）"
"ls.x2.2.5xlarge","24核","48GiB","8.61","2378.31","28539.72","85619.16","华南1（广州）"
"ls.x2.2.5xlarge","24核","48GiB","7.81","3273.6","39283.2","117849.6","中国香港"
"ls.x2.2.5xlarge","24核","48GiB","8.61","2378.31","28539.72","85619.16","华东2（上海）"
"ls.x4.2.5xlarge","24核","96GiB","11.7","4910.4","58924.8","176774.4","亚太东南（柔佛）"
"ls.x4.2.5xlarge","24核","96GiB","10.75","4635.09","55621.08","166863.24","亚太东南（雅加达）"
"ls.x4.2.5xlarge","24核","96GiB","12.92","3568.34","42820.08","128460.24","华北2（北京）"
"ls.x4.2.5xlarge","24核","96GiB","12.92","3568.34","42820.08","128460.24","华南1（广州）"
"ls.x4.2.5xlarge","24核","96GiB","11.7","4910.4","58924.8","176774.4","中国香港"
"ls.x4.2.5xlarge","24核","96GiB","12.92","3568.34","42820.08","128460.24","华东2（上海）"
"ls.x8.2.5xlarge","24核","192GiB","14.76","5966.76","71601.12","214803.36","亚太东南（柔佛）"
"ls.x8.2.5xlarge","24核","192GiB","11.77","5338.28","64059.36","192178.08","亚太东南（雅加达）"
"ls.x8.2.5xlarge","24核","192GiB","15.23","4235.98","50831.76","152495.28","华北2（北京）"
"ls.x8.2.5xlarge","24核","192GiB","15.23","4235.98","50831.76","152495.28","华南1（广州）"
"ls.x8.2.5xlarge","24核","192GiB","14.76","5966.76","71601.12","214803.36","中国香港"
"ls.x8.2.5xlarge","24核","192GiB","15.23","4235.98","50831.76","152495.28","华东2（上海）"
"ls.x1.3xlarge","32核","32GiB","10.36","4309.52","51714.24","155142.72","亚太东南（柔佛）"
"ls.x1.3xlarge","32核","32GiB","9.02","4192.76","50313.12","150939.36","亚太东南（雅加达）"
"ls.x1.3xlarge","32核","32GiB","9.42","2625.7","31508.4","94525.2","华北2（北京）"
"ls.x1.3xlarge","32核","32GiB","9.42","2625.7","31508.4","94525.2","华南1（广州）"
"ls.x1.3xlarge","32核","32GiB","10.36","4309.52","51714.24","155142.72","中国香港"
"ls.x1.3xlarge","32核","32GiB","9.42","2625.7","31508.4","94525.2","华东2（上海）"
"ls.x2.3xlarge","32核","64GiB","10.41","4364.8","52377.6","157132.8","亚太东南（柔佛）"
"ls.x2.3xlarge","32核","64GiB","11.38","5378.06","64536.72","193610.16","亚太东南（雅加达）"
"ls.x2.3xlarge","32核","64GiB","11.48","3171.07","38052.84","114158.52","华北2（北京）"
"ls.x2.3xlarge","32核","64GiB","11.48","3171.07","38052.84","114158.52","华南1（广州）"
"ls.x2.3xlarge","32核","64GiB","10.41","4364.8","52377.6","157132.8","中国香港"
"ls.x2.3xlarge","32核","64GiB","11.48","3171.07","38052.84","114158.52","华东2（上海）"
"ls.x4.3xlarge","32核","128GiB","15.6","6547.2","78566.4","235699.2","亚太东南（柔佛）"
"ls.x4.3xlarge","32核","128GiB","14.35","6180.37","74164.44","222493.32","亚太东南（雅加达）"
"ls.x4.3xlarge","32核","128GiB","17.22","4757.78","57093.36","171280.08","华北2（北京）"
"ls.x4.3xlarge","32核","128GiB","17.22","4757.78","57093.36","171280.08","华南1（广州）"
"ls.x4.3xlarge","32核","128GiB","15.6","6547.2","78566.4","235699.2","中国香港"
"ls.x4.3xlarge","32核","128GiB","17.22","4757.78","57093.36","171280.08","华东2（上海）"
"ls.x8.3xlarge","32核","256GiB","19.68","7955.68","95468.16","286404.48","亚太东南（柔佛）"
"ls.x8.3xlarge","32核","256GiB","15.66","7113.96","85367.52","256102.56","亚太东南（雅加达）"
"ls.x8.3xlarge","32核","256GiB","20.32","5647.98","67775.76","203327.28","华北2（北京）"
"ls.x8.3xlarge","32核","256GiB","20.32","5647.98","67775.76","203327.28","华南1（广州）"
"ls.x8.3xlarge","32核","256GiB","19.68","7955.68","95468.16","286404.48","中国香港"
"ls.x8.3xlarge","32核","256GiB","20.32","5647.98","67775.76","203327.28","华东2（上海）"
,
,
,
计费项,规格,按量计费(元/小时),包月(元/月),地域
"es.volume.essd.pl0","标准版-高性能云盘-PL0","0.00158","0.75","中国香港"
"es.volume.essd.pl0","标准版-高性能云盘-PL0","0.00158","0.75","亚太东南（柔佛）"
"es.volume.essd.pl0","标准版-高性能云盘-PL0","0.00105","0.5","华北2（北京）"
"es.volume.essd.pl0","标准版-高性能云盘-PL0","0.00105","0.5","华南1（广州）"
"es.volume.essd.pl0","标准版-高性能云盘-PL0","0.00105","0.5","华东2（上海）"
"es.volume.essd.pl0","标准版-高性能云盘-PL0","0.00149","0.69","亚太东南（雅加达）"
"es.volume.essd.flexpl","标准版-高性能云盘-FlexPL","0.0021","1","华东2（上海）"
"es.volume.essd.flexpl","标准版-高性能云盘-FlexPL","0.0021","1","华南1（广州）"
"es.volume.essd.flexpl","标准版-高性能云盘-FlexPL","0.0021","1","华北2（北京）"
"es.volume.essd.flexpl","标准版-高性能云盘-FlexPL","0.0033","1.52","亚太东南（雅加达）"
"es.volume.essd.flexpl","标准版-高性能云盘-FlexPL","0.00315","1.5","亚太东南（柔佛）"
"es.volume.essd.flexpl","标准版-高性能云盘-FlexPL","0.00315","1.5","中国香港"
"es.volume.essd.tl0","标准版-高性能云盘-TL0","0.00146","0.7","华东2（上海）"
"es.volume.essd.tl0","标准版-高性能云盘-TL0","0.00146","0.7","华北2（北京）"
"es.volume.essd.tl0","标准版-高性能云盘-TL0","0.0022","1.05","亚太东南（柔佛）"
,
,
,
计费项,规格,按量计费(元/小时),包月(元/月),地域
"kibana.x2.small","标准版-kibana-1C2G节点","0","0","中国香港"
"kibana.x2.small","标准版-kibana-1C2G节点","0","0","亚太东南（雅加达）"
"kibana.x2.small","标准版-kibana-1C2G节点","0","0","亚太东南（柔佛）"
"kibana.x2.small","标准版-kibana-1C2G节点","0","0","华北2（北京）"
"kibana.x2.small","标准版-kibana-1C2G节点","0","0","华南1（广州）"
"kibana.x2.small","标准版-kibana-1C2G节点","0","0","华东2（上海）"
"kibana.x2.medium","标准版-kibana-2C4G节点","0.67","323.82","中国香港"
"kibana.x2.medium","标准版-kibana-2C4G节点","0.77","367.21","亚太东南（雅加达）"
"kibana.x2.medium","标准版-kibana-2C4G节点","0.87","243.18","华东2（上海）"
"kibana.x2.medium","标准版-kibana-2C4G节点","0.87","243.18","华南1（广州）"
"kibana.x2.medium","标准版-kibana-2C4G节点","0.87","243.18","华北2（北京）"
"kibana.x2.medium","标准版-kibana-2C4G节点","0.67","323.82","亚太东南（柔佛）"
"kibana.x4.medium","标准版-kibana-2C8G节点","1.01","485.82","中国香港"
"kibana.x4.medium","标准版-kibana-2C8G节点","0.99","440.11","亚太东南（雅加达）"
"kibana.x4.medium","标准版-kibana-2C8G节点","1.31","364.86","华东2（上海）"
"kibana.x4.medium","标准版-kibana-2C8G节点","1.31","364.86","华南1（广州）"
"kibana.x4.medium","标准版-kibana-2C8G节点","1.31","364.86","华北2（北京）"
"kibana.x4.medium","标准版-kibana-2C8G节点","1.01","485.82","亚太东南（柔佛）"
"kibana.x2.large","标准版-kibana-4C8G节点","1.34","647.64","中国香港"
"kibana.x2.large","标准版-kibana-4C8G节点","1.54","768.61","亚太东南（雅加达）"
"kibana.x2.large","标准版-kibana-4C8G节点","1.74","486.36","华东2（上海）"
"kibana.x2.large","标准版-kibana-4C8G节点","1.74","486.36","华南1（广州）"
"kibana.x2.large","标准版-kibana-4C8G节点","1.74","486.36","华北2（北京）"
"kibana.x2.large","标准版-kibana-4C8G节点","1.34","647.64","亚太东南（柔佛）"
"kibana.x4.large","标准版-kibana-4C16G节点","2.01","971.64","中国香港"
"kibana.x4.large","标准版-kibana-4C16G节点","2.01","880.21","亚太东南（雅加达）"
"kibana.x4.large","标准版-kibana-4C16G节点","2.61","729.72","华东2（上海）"
"kibana.x4.large","标准版-kibana-4C16G节点","2.61","729.72","华南1（广州）"
"kibana.x4.large","标准版-kibana-4C16G节点","2.61","729.72","华北2（北京）"
"kibana.x4.large","标准版-kibana-4C16G节点","2.01","971.64","亚太东南（柔佛）"
"kibana.x2.xlarge","标准版-kibana-8C16G节点","2.69","1295.28","中国香港"
"kibana.x2.xlarge","标准版-kibana-8C16G节点","3.02","1494.91","亚太东南（雅加达）"
"kibana.x2.xlarge","标准版-kibana-8C16G节点","3.48","972.72","华东2（上海）"
"kibana.x2.xlarge","标准版-kibana-8C16G节点","3.48","972.72","华南1（广州）"
"kibana.x2.xlarge","标准版-kibana-8C16G节点","3.48","972.72","华北2（北京）"
"kibana.x2.xlarge","标准版-kibana-8C16G节点","2.69","1295.28","亚太东南（柔佛）"
"kibana.x4.xlarge","标准版-kibana-8C32G节点","4.03","1943.28","中国香港"
"kibana.x4.xlarge","标准版-kibana-8C32G节点","3.97","1723.51","亚太东南（雅加达）"
"kibana.x4.xlarge","标准版-kibana-8C32G节点","5.22","1459.44","华东2（上海）"
"kibana.x4.xlarge","标准版-kibana-8C32G节点","5.22","1459.44","华南1（广州）"
"kibana.x4.xlarge","标准版-kibana-8C32G节点","5.22","1459.44","华北2（北京）"
"kibana.x4.xlarge","标准版-kibana-8C32G节点","4.03","1943.28","亚太东南（柔佛）"
"kibana.x2.2xlarge","标准版-kibana-16C32G节点","5.38","2590.56","中国香港"
"kibana.x2.2xlarge","标准版-kibana-16C32G节点","6.26","2970.91","亚太东南（雅加达）"
"kibana.x2.2xlarge","标准版-kibana-16C32G节点","6.96","1945.44","华东2（上海）"
"kibana.x2.2xlarge","标准版-kibana-16C32G节点","6.96","1945.44","华南1（广州）"
"kibana.x2.2xlarge","标准版-kibana-16C32G节点","6.96","1945.44","华北2（北京）"
"kibana.x2.2xlarge","标准版-kibana-16C32G节点","5.38","2590.56","亚太东南（柔佛）"
"kibana.x4.2xlarge","标准版-kibana-16C64G节点","8.06","3886.56","中国香港"
"kibana.x4.2xlarge","标准版-kibana-16C64G节点","7.88","3409.21","亚太东南（雅加达）"
"kibana.x4.2xlarge","标准版-kibana-16C64G节点","10.45","2918.88","华东2（上海）"
"kibana.x4.2xlarge","标准版-kibana-16C64G节点","10.45","2918.88","华南1（广州）"
"kibana.x4.2xlarge","标准版-kibana-16C64G节点","10.45","2918.88","华北2（北京）"
"kibana.x4.2xlarge","标准版-kibana-16C64G节点","8.06","3886.56","亚太东南（柔佛）"
"kibana.x2.3xlarge","标准版-kibana-32C64G节点","10.76","5181.12","中国香港"
"kibana.x2.3xlarge","标准版-kibana-32C64G节点","12.47","5904.91","亚太东南（雅加达）"
"kibana.x2.3xlarge","标准版-kibana-32C64G节点","13.93","3890.88","华东2（上海）"
"kibana.x2.3xlarge","标准版-kibana-32C64G节点","13.93","3890.88","华南1（广州）"
"kibana.x2.3xlarge","标准版-kibana-32C64G节点","13.93","3890.88","华北2（北京）"
"kibana.x2.3xlarge","标准版-kibana-32C64G节点","10.76","5181.12","亚太东南（柔佛）"
"kibana.x4.3xlarge","标准版-kibana-32C128G节点","16.12","7773.12","中国香港"
"kibana.x4.3xlarge","标准版-kibana-32C128G节点","15.75","6818.41","亚太东南（雅加达）"
"kibana.x4.3xlarge","标准版-kibana-32C128G节点","20.9","5837.76","华东2（上海）"
"kibana.x4.3xlarge","标准版-kibana-32C128G节点","20.9","5837.76","华南1（广州）"
"kibana.x4.3xlarge","标准版-kibana-32C128G节点","20.9","5837.76","华北2（北京）"
"kibana.x4.3xlarge","标准版-kibana-32C128G节点","16.12","7773.12","亚太东南（柔佛）"
,
,
,
计费项,按量计费（元/MBps/小时）,包年包月（元/MBps/月）,地域
"标准版-高性能云盘-FlexPL-带宽包","0.00522","3.75","中国香港"
"标准版-高性能云盘-FlexPL-带宽包","0.00522","3.75","亚太东南（柔佛）"
"标准版-高性能云盘-FlexPL-带宽包","0.00348","2.5","华东2（上海）"
"标准版-高性能云盘-FlexPL-带宽包","0.00348","2.5","华南1（广州）"
"标准版-高性能云盘-FlexPL-带宽包","0.00348","2.5","华北2（北京）"
"标准版-高性能云盘-FlexPL-带宽包","0.00547","3.8","亚太东南（雅加达）"
"标准版-高性能云盘-TL0-带宽包","0.00244","1.75","华东2（上海）"
"标准版-高性能云盘-TL0-带宽包","0.00244","1.75","华北2（北京）"
"标准版-高性能云盘-TL0-带宽包","0.00365","2.62","亚太东南（柔佛）"