计费项,价格（元/个/小时）,地域
"IP配置费","0.04","亚太东南（雅加达）"
"IP配置费","0.04","亚太东南（柔佛）"
"IP配置费","0.02","华北2（北京）"
"IP配置费","0.02","华南1（广州）"
"IP配置费","0.02","华东2（上海）"
"IP配置费","0.04","中国香港"
,
,
,
计费项,价格（元/Mbps/小时）,地域
"带宽费","[0, 5], 0.04；(5, +∞), 0.14","亚太东南（雅加达）"
"带宽费","[0, 5], 0.063；(5, +∞), 0.25","华北2（北京）"
"带宽费","[0, 5], 0.063；(5, +∞), 0.25","华南1（广州）"
"带宽费","[0, 5], 0.063；(5, +∞), 0.25","华东2（上海）"
"带宽费","[0, 5], 0.04；(5, +∞), 0.14","亚太东南（柔佛）"
"带宽费","[0, 5], 0.04；(5, +∞), 0.14","中国香港"
,
,
,
规格,计算公式,地域
"带宽上限为1 ~ 5 Mbps","带宽费 = 1 ~ 5 Mbps的带宽单价（元/小时/Mbps）× 使用时长（小时）× 带宽上限（Mbps）。",-
"带宽上限大于5 Mbps","带宽费 = 1 ~ 5 Mbps的带宽单价（元/小时/Mbps）× 使用时长（小时）× 5 + 大于5 Mbps的带宽单价（元/小时/Mbps）× 使用时长（小时）×（带宽上限 - 5）（Mbps）。",-
,
,
,
计费项,价格（元/个/小时）,地域
"IP配置费","0.04","亚太东南（雅加达）"
"IP配置费","0.04","亚太东南（柔佛）"
"IP配置费","0.02","华北2（北京）"
"IP配置费","0.02","华东2（上海）"
"IP配置费","0.02","华南1（广州）"
"IP配置费","0.04","中国香港"
,
,
,
计费项,价格（元/GB）,地域
"流量","0.75","亚太东南（雅加达）"
"流量","0.8","华东2（上海）"
"流量","0.8","华南1（广州）"
"流量","0.8","华北2（北京）"
"流量","0.75","亚太东南（柔佛）"
"流量","1","中国香港"
,
,
,
计费项,包月价格（元/Mbps）,包1年价格（元/Mbps）,地域
"带宽费","[0, 5], 20；(5, +∞), 80","[0, 5], 204；(5, +∞), 816","亚太东南（雅加达）"
"带宽费","[0, 2], 23；(2, 5], 25；(5, +∞), 100","[0, 2], 234.6；(2, 5], 255；(5, +∞), 1020","华北2（北京）"
"带宽费","[0, 2], 23；(2, 5], 25；(5, +∞), 100","[0, 2], 234.6；(2, 5], 255；(5, +∞), 1020","华南1（广州）"
"带宽费","[0, 2], 23；(2, 5], 25；(5, +∞), 100","[0, 2], 234.6；(2, 5], 255；(5, +∞), 1020","华东2（上海）"
"带宽费","[0, 5], 20；(5, +∞), 80","[0, 5], 204；(5, +∞), 816","亚太东南（柔佛）"
"带宽费","[0, 5], 20；(5, +∞), 90","[0, 5], 204；(5, +∞), 918","中国香港"
,
,
,
规格,计算公式,地域
"带宽上限为1 ~ 2 Mbps","带宽费 = 1 ~ 2 Mbps的带宽单价（元/月/Mbps）× 使用时长（月）× 带宽上限（Mbps）",-
"带宽上限为3 ~ 5 Mbps","带宽费 =[ 1 ~ 2 Mbps的带宽单价（元/月/Mbps）× 2（Mbps）+ 3 ~ 5 Mbps的带宽单价（元/月/Mbps）× （带宽上限 - 2）（Mbps）] × 使用时长（月）",-
"带宽上限大于5 Mbps","带宽费 = [ 1 ~ 2 Mbps的带宽单价（元/月/Mbps）× 2（Mbps）+ 3 ~ 5 Mbps的带宽单价（元/月/Mbps）× 3（Mbps）+ 大于5 Mbps的带宽单价（元/月/Mbps）× （带宽上限 - 5）（Mbps）] × 使用时长（月）",-