产品,工作区类型,售卖模式
托管Prometheus,标准版工作区,按量计费

按量计费(15天存储示例),
实例规格,指标分类,上报指标量范围（百万条）,中国大陆 Region 单价（元/百万条）,除中国大陆外 Region 单价（元/百万条）
vmp.standard.15d,云产品基础指标,-,0,0
vmp.standard.15d,云产品其他指标/自定义指标,0~200,0.6,0.9
vmp.standard.15d,云产品其他指标/自定义指标,200~800,0.4,0.6
vmp.standard.15d,云产品其他指标/自定义指标,800~1500,0.2,0.3
vmp.standard.15d,云产品其他指标/自定义指标,1500以上,0.15,0.225

注：存储时长可选 15天/30天/90天/180天/1年；不同存储时长有对应实例规格(vmp.standard.15d/30d/90d/180d/1y)。

资源包(15天存储示例),
资源包名,存储天数,有效期,其他/自定义指标规格（百万）,基础指标规格（百万）,价格(元)
vmp_month_mini_15d,15,1个月,3420,不限,499
vmp_month_small_15d,15,1个月,10260,不限,1699
vmp_month_medium_15d,15,1个月,25700,不限,3899
vmp_month_large_15d,15,1个月,60000,不限,8699
vmp_month_xlarge_15d,15,1个月,200000,不限,19999
vmp_month_2xlarge_15d,15,1个月,700000,不限,79999

注：资源包地域可选 华北2（北京）/华东2（上海）/华南1（广州）/亚太东南（柔佛）/中国香港/亚太东南（雅加达）。vmp_month_*_15d 适用于 vmp.standard.15d 标准版工作区，30d/90d/180d/1y同理。
