模型提供方,模型,上下文长度,服务类型 ,定价（单位：元/千tokens）
"字节跳动","Doubao-Seed-2.0-pro（32k输入）","输入长度[0,32]","推理（输入）","0.0032"
"字节跳动","Doubao-Seed-2.0-pro（32k输出）","输入长度[0,32]","推理（输出）","0.016"
"字节跳动","Doubao-Seed-2.0-pro（128k输入）","输入长度(32,128]","推理（输入）","0.0048"
"字节跳动","Doubao-Seed-2.0-pro（128k输出）","输入长度(32,128]","推理（输出）","0.024"
"字节跳动","Doubao-Seed-2.0-pro（256k输入）","输入长度(128,256]","推理（输入）","0.0096"
"字节跳动","Doubao-Seed-2.0-pro（256k输出）","输入长度(128,256]","推理（输出）","0.048"
"字节跳动","Doubao-Seed-2.0-pro（32k批量输入）","输入长度[0,32]","批量推理（输入）","0.0016"
"字节跳动","Doubao-Seed-2.0-pro（32k批量输出）","输入长度[0,32]","批量推理（输出）","0.008"
"字节跳动","Doubao-Seed-2.0-pro（128k批量输入）","输入长度(32,128]","批量推理（输入）","0.0024"
"字节跳动","Doubao-Seed-2.0-pro（128k批量输出）","输入长度(32,128]","批量推理（输出）","0.012"
"字节跳动","Doubao-Seed-2.0-pro（256k批量输入）","输入长度(128,256]","批量推理（输入）","0.0048"
"字节跳动","Doubao-Seed-2.0-pro（256k批量输出）","输入长度(128,256]","批量推理（输出）","0.024"
"字节跳动","Doubao-Seed-2.0-mini（32k输入）","输入长度[0,32]","推理（输入）","0.0002"
"字节跳动","Doubao-Seed-2.0-mini（32k输出）","输入长度[0,32]","推理（输出）","0.002"
"字节跳动","Doubao-Seed-2.0-mini（128k输入）","输入长度(32,128]","推理（输入）","0.0004"
"字节跳动","Doubao-Seed-2.0-mini（128k输出）","输入长度(32,128]","推理（输出）","0.004"
"字节跳动","Doubao-Seed-2.0-mini（256k输入）","输入长度(128,256]","推理（输入）","0.0008"
"字节跳动","Doubao-Seed-2.0-mini（256k输出）","输入长度(128,256]","推理（输出）","0.008"
"字节跳动","Doubao-Seed-2.0-mini（32k批量输入）","输入长度[0,32]","批量推理（输入）","0.0001"
"字节跳动","Doubao-Seed-2.0-mini（32k批量输出）","输入长度[0,32]","批量推理（输出）","0.001"
"字节跳动","Doubao-Seed-2.0-mini（128k批量输入）","输入长度(32,128]","批量推理（输入）","0.0002"
"字节跳动","Doubao-Seed-2.0-mini（128k批量输出）","输入长度(32,128]","批量推理（输出）","0.002"
"字节跳动","Doubao-Seed-2.0-mini（256k批量输入）","输入长度(128,256]","批量推理（输入）","0.0004"
"字节跳动","Doubao-Seed-2.0-mini（256k批量输出）","输入长度(128,256]","批量推理（输出）","0.004"
"字节跳动","Doubao-Seed-2.0-lite（32k输入）","输入长度[0,32]","推理（输入）","0.0006"
"字节跳动","Doubao-Seed-2.0-lite（32k输出）","输入长度[0,32]","推理（输出）","0.0036"
"字节跳动","Doubao-Seed-2.0-lite（128k输入）","输入长度(32,128]","推理（输入）","0.0009"
"字节跳动","Doubao-Seed-2.0-lite（128k输出）","输入长度(32,128]","推理（输出）","0.0054"
"字节跳动","Doubao-Seed-2.0-lite（256k输入）","输入长度(128,256]","推理（输入）","0.0018"
"字节跳动","Doubao-Seed-2.0-lite（256k输出）","输入长度(128,256]","推理（输出）","0.0108"
"字节跳动","Doubao-Seed-2.0-lite（32k批量输入）","输入长度[0,32]","批量推理（输入）","0.0003"
"字节跳动","Doubao-Seed-2.0-lite（32k批量输出）","输入长度[0,32]","批量推理（输出）","0.0018"
"字节跳动","Doubao-Seed-2.0-lite（128k批量输入）","输入长度(32,128]","批量推理（输入）","0.00045"
"字节跳动","Doubao-Seed-2.0-lite（128k批量输出）","输入长度(32,128]","批量推理（输出）","0.0027"
"字节跳动","Doubao-Seed-2.0-lite（256k批量输入）","输入长度(128,256]","批量推理（输入）","0.0009"
"字节跳动","Doubao-Seed-2.0-lite（256k批量输出）","输入长度(128,256]","批量推理（输出）","0.0054"
"字节跳动","Doubao_Seed_1.8（256k批量输出）","输入长度 (128, 256]","批量推理（输出）","0.012"
"字节跳动","Doubao_Seed_1.8（256k批量输入）","输入长度 (128, 256]","批量推理（输入）","0.0012"
"字节跳动","Doubao_Seed_1.8（128k批量输出）","输入长度 [32, 128]","批量推理（输出）","0.008"
"字节跳动","Doubao_Seed_1.8（128k批量输入）","输入长度 [32, 128]","批量推理（输入）","0.0006"
"字节跳动","Doubao_Seed_1.8（32k批量输出）","输入长度 [0, 32]，输出长度>0.2","批量推理（输出）","0.004"
"字节跳动","Doubao_Seed_1.8（32k批量输入）","输入长度 [0, 32]，输出长度>0.2","批量推理（输入）","0.0004"
"字节跳动","Doubao_Seed_1.8（特惠区批量输出）","输入长度 [0, 32]，输出长度 [0, 0.2]","批量推理（输出）","0.001"
"字节跳动","Doubao_Seed_1.8（特惠区批量输入）","输入长度 [0, 32]，输出长度 [0, 0.2]","批量推理（输入）","0.0004"
"字节跳动","Doubao_Seed_1.8（256k输出）","输入长度 (128, 256]","推理（输出）","0.024"
"字节跳动","Doubao_Seed_1.8（256k输入）","输入长度 (128, 256]","推理（输入）","0.0024"
"字节跳动","Doubao_Seed_1.8（128k输出）","输入长度 [32, 128]","推理（输出）","0.016"
"字节跳动","Doubao_Seed_1.8（128k输入）","输入长度 [32, 128]","推理（输入）","0.0012"
"字节跳动","Doubao_Seed_1.8（32k输出）","输入长度 [0, 32]，输出长度>0.2","推理（输出）","0.008"
"字节跳动","Doubao_Seed_1.8（32k输入）","输入长度 [0, 32]，输出长度>0.2","推理（输入）","0.0008"
"字节跳动","Doubao_Seed_1.8（特惠区输出）","输入长度 [0, 32]，输出长度 [0, 0.2]","推理（输出）","0.002"
"字节跳动","Doubao_Seed_1.8（特惠区输入）","输入长度 [0, 32]，输出长度 [0, 0.2]","推理（输入）","0.0008"
"字节跳动","Doubao_Seed_1.6（256k批量输出）","输入长度 [128, 256]","批量推理（输出）","0.012"
"字节跳动","Doubao_Seed_1.6（256k批量输入）","输入长度 [128, 256]","批量推理（输入）","0.0012"
"字节跳动","Doubao_Seed_1.6（128k批量输出）","输入长度 [32, 128]","批量推理（输出）","0.008"
"字节跳动","Doubao_Seed_1.6（128k批量输入）","输入长度 [32, 128]","批量推理（输入）","0.0006"
"字节跳动","Doubao_Seed_1.6（32k批量输出）","输入长度 [0, 32]，输出长度 [0.2, 16]","批量推理（输出）","0.004"
"字节跳动","Doubao_Seed_1.6（32k批量输入）","输入长度 [0, 32]，输出长度 [0.2, 16]","批量推理（输入）","0.0004"
"字节跳动","Doubao_Seed_1.6（特惠区批量输出）","输入长度 [0, 32]，输出长度 [0, 0.2]","批量推理（输出）","0.001"
"字节跳动","Doubao_Seed_1.6（特惠区批量输入）","输入长度 [0, 32]，输出长度 [0, 0.2]","批量推理（输入）","0.0004"
"字节跳动","Doubao_Seed_1.6（256k输出）","输入长度 (128, 256]","推理（输出）","0.024"
"字节跳动","Doubao_Seed_1.6（256k输入）","输入长度 (128, 256]","推理（输入）","0.0024"
"字节跳动","Doubao_Seed_1.6（128k输出）","输入长度 [32, 128]","推理（输出）","0.016"
"字节跳动","Doubao_Seed_1.6（128k输入）","输入长度 [32, 128]","推理（输入）","0.0012"
"字节跳动","Doubao_Seed_1.6（32k输出）","输入长度 [0, 32]，输出长度 [0.2, 16]","推理（输出）","0.008"
"字节跳动","Doubao_Seed_1.6（32k输入）","输入长度 [0, 32]，输出长度 [0.2, 16]","推理（输入）","0.0008"
"字节跳动","Doubao_Seed_1.6（特惠区输出）","输入长度 [0, 32]，输出长度 [0, 0.2]","推理（输出）","0.002"
"字节跳动","Doubao_Seed_1.6（特惠区输入）","输入长度 [0, 32]，输出长度 [0, 0.2]","推理（输入）","0.0008"
"深度求索","DeepSeek_V3.1(输入)","输入长度 [32, 128]","批量推理（输出）","0.004"
"深度求索","DeepSeek_V3.1(输出)","输入长度 [32, 128]","推理（输出）","0.012"
"深度求索","DeepSeek_V3.1(批量输入)","输入长度 [32, 128]","批量推理（输入）","0.002"
"深度求索","DeepSeek_V3.1(批量输出)","输入长度 [32, 128]","推理（输入）","0.006"
"字节跳动","Doubao-Seed-1.6-thinking（256k批量输出）","输入长度 (128, 256]","批量推理（输出）","0.012"
"字节跳动","Doubao-Seed-1.6-thinking（256k批量输入））","输入长度 (128, 256]","推理（输出）","0.0012"
"字节跳动","Doubao-Seed-1.6-thinking（128k批量输出）","输入长度 (128, 256]","批量推理（输入）","0.008"
"字节跳动","Doubao-Seed-1.6-thinking（128k批量输入）","输入长度 (128, 256]","推理（输入）","0.0006"
"字节跳动","Doubao-Seed-1.6-thinking（32k批量输出）","输入长度 [0, 32]","批量推理（输出）","0.004"
"字节跳动","Doubao-Seed-1.6-thinking（32k批量输入）","输入长度 [0, 32]","推理（输出）","0.0004"
"字节跳动","Doubao-Seed-1.6-thinking（256k输出）","输入长度 [0, 32]","批量推理（输入）","0.024"
"字节跳动","Doubao-Seed-1.6-thinking（256k输入）","输入长度 [0, 32]","推理（输入）","0.0024"
"字节跳动","Doubao-Seed-1.6-thinking（128k输出）","输入长度 [32, 128]","批量推理（输出）","0.016"
"字节跳动","Doubao-Seed-1.6-thinking（128k输入）","输入长度 [32, 128]","推理（输出）","0.0012"
"字节跳动","Doubao-Seed-1.6-thinking（32k输出）","输入长度 [32, 128]","批量推理（输入）","0.008"
"字节跳动","Doubao-Seed-1.6-thinking（32k输入）","输入长度 [32, 128]","推理（输入）","0.0008"
"字节跳动","Doubao-Seed-1.6-flash（256k批量输出）","输入长度 (128, 256]","批量推理（输出）","0.003"
"字节跳动","Doubao-Seed-1.6-flash（256k批量输入）","输入长度 (128, 256]","推理（输出）","0.0003"
"字节跳动","Doubao-Seed-1.6-flash（128k批量输出）","输入长度 (128, 256]","批量推理（输入）","0.0015"
"字节跳动","Doubao-Seed-1.6-flash（128k批量输入）","输入长度 (128, 256]","推理（输入）","0.00015"
"字节跳动","Doubao-Seed-1.6-flash（32k批量输出）","输入长度 [0, 32]","批量推理（输出）","0.00075"
"字节跳动","Doubao-Seed-1.6-flash（32k批量输入）","输入长度 [0, 32]","推理（输出）","0.000075"
"字节跳动","Doubao-Seed-1.6-flash（256k输出）","输入长度 [0, 32]","批量推理（输入）","0.006"
"字节跳动","Doubao-Seed-1.6-flash（256k输入）","输入长度 [0, 32]","推理（输入）","0.0006"
"字节跳动","Doubao-Seed-1.6-flash（128k输出）","输入长度 [32, 128]","批量推理（输出）","0.003"
"字节跳动","Doubao-Seed-1.6-flash（128k输入）","输入长度 [32, 128]","推理（输出）","0.0003"
"字节跳动","Doubao-Seed-1.6-flash（32k输出）","输入长度 [32, 128]","批量推理（输入）","0.0015"
"字节跳动","Doubao-Seed-1.6-flash（32k输入）","输入长度 [32, 128]","推理（输入）","0.00015"
"字节跳动","Doubao_Seed_1.6_vision(32k输入)","输入长度 (128, 256]","批量推理（输出）","0.0008"
"字节跳动","Doubao_Seed_1.6_vision(32k输出)","输入长度 (128, 256]","推理（输出）","0.008"
"字节跳动","Doubao_Seed_1.6_vision(128k输入)","输入长度 (128, 256]","批量推理（输入）","0.0012"
"字节跳动","Doubao_Seed_1.6_vision(128k输出)","输入长度 (128, 256]","推理（输入）","0.016"
"字节跳动","Doubao_Seed_1.6_vision(256k输入)","输入长度 [0, 32]","批量推理（输出）","0.0024"
"字节跳动","Doubao_Seed_1.6_vision(256k输出)","输入长度 [0, 32]","推理（输出）","0.024"
"字节跳动","Doubao_Seed_1.6_vision(32k批量输入)","输入长度 [0, 32]","批量推理（输入）","0.0004"
"字节跳动","Doubao_Seed_1.6_vision(32k批量输出)","输入长度 [0, 32]","推理（输入）","0.004"
"字节跳动","Doubao_Seed_1.6_vision(128k批量输入)","128k","批量推理（输出）","0.0006"
"字节跳动","Doubao_Seed_1.6_vision(128k批量输出)","128k","推理（输出）","0.008"
"字节跳动","Doubao_Seed_1.6_vision(256k批量输入)","128k","批量推理（输入）","0.0012"
"字节跳动","Doubao_Seed_1.6_vision(256k批量输出)","128k","推理（输入）","0.012"
"字节跳动","Doubao1.5-think-vision-pro（输入）","128k","批量推理（输出）","0.003"
"字节跳动","Doubao1.5-think-vision-pro（输出）","128k","推理（输出）","0.009"
"字节跳动","Doubao1.5-think-vision-pro（批量输入）","128k","批量推理（输入）","0.0015"
"字节跳动","Doubao1.5-think-vision-pro（批量输出）","128k","推理（输入）","0.0045"
"字节跳动","Doubao1.5-think-pro（输入）","32k","批量推理（输出）","0.004"
"字节跳动","Doubao1.5-think-pro（输出）","32k","批量推理（输入）","0.016"
"字节跳动","Doubao1.5-think-pro（批量输入）","32k","推理（输出）","0.002"
"字节跳动","Doubao1.5-think-pro（批量输出）","32k","推理（输入）","0.008"
"深度求索","DeepSeek-R1（输入）","64k","批量推理（输出）","0.004"
"深度求索","DeepSeek-R1（输出）","64k","批量推理（输入）","0.016"
"深度求索","DeepSeek-R1（批量输入）","64k","推理（输出）","0.002"
"深度求索","DeepSeek-R1（批量输出）","64k","推理（输入）","0.008"
"深度求索","DeepSeek-R1-D-Qwen7B（输入）","64k","批量推理（输出）","0.0006"
"深度求索","DeepSeek-R1-D-Qwen7B（输出）","64k","批量推理（输入）","0.0024"
"深度求索","DeepSeek-R1-D-Qwen7B（批量输入）","64k","推理（输出）","0.0003"
"深度求索","DeepSeek-R1-D-Qwen7B（批量输出）","64k","推理（输入）","0.0012"
"深度求索","DeepSeek-R1-D-Qwen32B（输入）","128k","推理（输入）","0.0015"
"深度求索","DeepSeek-R1-D-Qwen32B（输出）","128k","推理（输出）","0.006"
"深度求索","DeepSeek-R1-D-Qwen32B（批量输入）","128k","批量推理（输入）","0.00075"
"深度求索","DeepSeek-R1-D-Qwen32B（批量输出）","128k","批量推理（输出）","0.003"
,
,
,
模型提供方,模型,上下文长度,服务类型,定价（单位：元/千tokens）
"字节跳动","Doubao1.5-lite-32k(输入)","32k","推理（输入）","0.0003"
"字节跳动","Doubao1.5-lite-32k(输出)","32k","推理（输出）","0.0006"
"字节跳动","Doubao1.5-lite-32k(批量输入)","32k","批量推理（输入）","0.00015"
"字节跳动","Doubao1.5-lite-32k(批量输出)","32k","批量推理（输出）","0.0003"
"字节跳动","Doubao1.5-pro-256k(输入)","256k","推理（输入）","0.005"
"字节跳动","Doubao1.5-pro-256k(输出)","256k","推理（输出）","0.009"
"字节跳动","Doubao1.5-pro-256k(批量输入)","256k","批量推理（输入）","0.005"
"字节跳动","Doubao1.5-pro-256k(批量输出)","256k","批量推理（输出）","0.009"
"字节跳动","Doubao1.5-pro-32k(输入)","32k","推理（输入）","0.0008"
"字节跳动","Doubao1.5-pro-32k(输出)","32k","推理（输出）","0.002"
"字节跳动","Doubao1.5-pro-32k(批量输入)","32k","批量推理（输入）","0.0004"
"字节跳动","Doubao1.5-pro-32k(批量输出)","32k","批量推理（输出）","0.001"
"深度求索","DeepSeek-V3(输入)","128k","推理（输入）","0.002"
"深度求索","DeepSeek-V3(输出)","128k","推理（输出）","0.008"
"深度求索","DeepSeek-V3(批量输入)","128k","批量推理（输入）","0.001"
"深度求索","DeepSeek-V3(批量输出)","128k","批量推理（输出）","0.004"
"月之暗面","Kimi_K2(输入)","256k","推理（输入）","0.004"
"月之暗面","Kimi_K2(输出)","256k","推理（输出）","0.016"
"月之暗面","Kimi_K2(批量输入)","256k","批量推理（输入）","0.002"
"月之暗面","Kimi_K2(批量输出)","256k","批量推理（输出）","0.008"
,
,
,
模型提供方,模型,上下文长度,服务类型,定价（单位：元/千tokens）
"字节跳动","Doubao-1.5-vision-pro（输入）","128k","推理（输入）","0.003"
"字节跳动","Doubao-1.5-vision-pro（输出）","128k","推理（输出）","0.009"
"字节跳动","Doubao-1.5-vision-pro（批量输入）","128k","批量推理（输入）","0.0015"
"字节跳动","Doubao-1.5-vision-pro（批量输出）","128k","批量推理（输出）","0.0045"
"字节跳动","Doubao-1.5-vision-lite（输入）","128k","推理（输入）","0.0015"
"字节跳动","Doubao-1.5-vision-lite（输出）","128k","推理（输出）","0.0045"
"字节跳动","Doubao-1.5-vision-lite（批量输入）","128k","批量推理（输入）","0.00075"
"字节跳动","Doubao-1.5-vision-lite（批量输出）","128k","批量推理（输出）","0.00225"
"字节跳动","Doubao-1.5-vision-pro-32k（输入）","32k","推理（输入）","0.003"
"字节跳动","Doubao-1.5-vision-pro-32k（输出）","32k","推理（输出）","0.009"
"字节跳动","Doubao-1.5-vision-pro-32k（批量输入）","32k","批量推理（输入）","0.0015"
"字节跳动","Doubao-1.5-vision-pro-32k（批量输出）","32k","批量推理（输出）","0.0045"
,
,
,
模型提供方,模型,上下文长度,服务类型,定价（单位：元/千tokens）
"字节跳动","Doubao-1.5-UI-TARS（输入）","32k","推理（输入）","0.0035"
"字节跳动","Doubao-1.5-UI-TARS（输出）","32k","推理（输出）","0.012"
"字节跳动","Doubao-1.5-UI-TARS（批量输入）","32k","批量推理（输入）","0.00175"
"字节跳动","Doubao-1.5-UI-TARS（批量输出）","32k","批量推理（输出）","0.006"
,
,
,
模型提供方,模型名称,单价,单位（元/次）,免费额度
"字节跳动","Doubao-Seedance-1.5-pro（有声视频）","0.02","千tokens","200万tokens"
"字节跳动","Doubao-Seedance-1.5-pro（无声视频）","0.01","千tokens","200万tokens"
"字节跳动","Doubao-Seedance-1.0-pro","0.02","千tokens","200万tokens"
"字节跳动","Doubao-Seedance-1.0-lite","0.01","千tokens","200万tokens"
"阿里云Wan-AI","Wan2.1-14B","0.05","千tokens","200万tokens"
"字节跳动","Doubao-Seedream4.0","0.2","张","200张"
"字节跳动","Doubao-Seedream3.0","0.26","张","200张"
"字节跳动","Doubao-SeedEdit3.0","0.3","张","200张"
,
,
,
模型提供方,模型,服务类型,定价（单位：元/万字符）,免费额度
"字节跳动","语音合成大模型","推理服务","5","5000 字符"
"字节跳动","声音复刻大模型","推理服务","8","5000 字符"
,
,
,
模型提供方,模型,最长输入长度,服务类型,定价（单位：元/千tokens）,免费额度
"字节跳动","Doubao-embedding","4K","推理服务","0.0005","50万tokens"
"字节跳动","Doubao-embedding-large","4K","推理服务","0.0007","50万tokens"
"字节跳动","Doubao-embedding-vision（文本输入）","8k","推理服务","0.0007","50万tokens"
"字节跳动","Doubao-embedding-vision（图像输入）","8k","推理服务","0.0018","50万tokens"
,
,
,
模型提供方,模型,服务类型,定价（单位：元/千tokens）
"字节跳动","Doubao_Seed_1.6_flash","全参微调","0.014"
"字节跳动","Doubao_seed_1.6","全参微调","0.08"
"字节跳动","Doubao_Seed_1.6_flash（lora）","模型精调（LoRA）","0.007"
"字节跳动","Doubao_seed_1.6（lora）","模型精调（LoRA）","0.04"
"字节跳动","Doubao-lite-4k","模型精调（LoRA）","0.03"
"字节跳动","Doubao-lite-32k","模型精调（LoRA）","0.03"
"字节跳动","Doubao-lite-128k","模型精调（LoRA）","0.03"
"字节跳动","Doubao-pro-4k","模型精调（LoRA）","0.05"
"字节跳动","Doubao-pro-32k","模型精调（LoRA）","0.05"
"字节跳动","Doubao-pro-128k","模型精调（LoRA）","0.05"
,
,
,
模型提供方,模型,定价（单位：元/个）,计费方式
"字节跳动 ","方舟A型模型单元","25","小时后付费"
"字节跳动 ","方舟B型模型单元","15","小时后付费"
"字节跳动 ","方舟C型模型单元","10","小时后付费"
"字节跳动 ","方舟D型模型单元","20","小时后付费"
,
,
,
计费项,定义,如何计量,单价,单位
"计算资源-知识库","使用知识库时，构建索引、自动优化分析、线上检索依赖的计算资源","按 CU（Compute Unit）计量，1 CU包含的计算资源为 8 GB 内存和 1 CPU Core。 例如，32 CU所包含的计算资源为 256 GB 内存和 32 CPU Core，若运行 5 小时，则计算费用 = 5×32×0.45 =72元。","0.45","元/CU/小时"
,
,
,
计费项,定义,如何计量,单价,单位
"离线存储资源-知识库","向量和向量相关的数据属性所需的存储资源","按占用的 GB 计量","0.0015","元/GB/小时"
,
,
,
计费项,定义,如何计量,单价,单位
"文本向量模型-知识库","使用知识库，提供文本向量服务，帮助开发者将文本数据快速转换为向量数据。","按输入的 tokens 计量。通常 1 个汉字、1 个英文字母、1 个数字或 1 个符号计为 1 个 token。","0.0005","元/千Tokens"
"文本向量模型（多功能版）-知识库","使用知识库，提供文本向量服务，帮助开发者将文本数据快速转换为向量数据。支持多语言和长文本，可同时进行稀疏和稠密索引构建和检索。","按输入的 tokens 计量。通常 1 个汉字、1 个英文字母、1 个数字或 1 个符号计为 1 个 token。","0.0005","元/千Tokens"
"文本向量模型（豆包embedding）-知识库","使用知识库，提供文本向量服务，帮助开发者将文本数据快速转换为向量数据。字节跳动自研向量化模型，支持中英双语和高精度纯语义检索。","按输入的 tokens 计量。通常 1 个汉字、1 个英文字母、1 个数字或 1 个符号计为 1 个 token。","0.0005","元/千Tokens"
"文本向量模型（豆包embedding-large）-知识库","使用知识库，提供文本向量服务，帮助开发者将文本数据快速转换为向量数据。字节跳动自研向量化模型，支持中英双语和高精度纯语义检索。","按输入的 tokens 计量。通常 1 个汉字、1 个英文字母、1 个数字或 1 个符号计为 1 个 token。","0.0007","元/千Tokens"
"大语言模型输入（Doubao-pro-256k）-知识库","使用知识库，调用 Doubao 大语言模型服务，根据检索召回的结果生成智能回复。","按输入的 tokens 计量。通常 1 个汉字、1 个英文字母、1 个数字或 1 个符号计为 1 个 token。","0.005","元/千Tokens"
"大语言模型输出（Doubao-pro-256k）-知识库","使用知识库，调用 Doubao 大语言模型服务，根据检索召回的结果生成智能回复。","按输入的 tokens 计量。通常 1 个汉字、1 个英文字母、1 个数字或 1 个符号计为 1 个 token。","0.009","元/千Tokens"
"大语言模型输入（Doubao-pro-128k）-知识库","使用知识库，调用 Doubao 大语言模型服务，根据检索召回的结果生成智能回复。","按输入的 tokens 计量。通常 1 个汉字、1 个英文字母、1 个数字或 1 个符号计为 1 个 token。","0.005","元/千Tokens"
"大语言模型输出（Doubao-pro-128k）-知识库","使用知识库，调用 Doubao 大语言模型服务，根据检索召回的结果生成智能回复。","按输入的 tokens 计量。通常 1 个汉字、1 个英文字母、1 个数字或 1 个符号计为 1 个 token。","0.009","元/千Tokens"
"大语言模型输入（Doubao-pro-32k）-知识库","使用知识库，调用 Doubao 大语言模型服务，根据检索召回的结果生成智能回复。","按输入的 tokens 计量。通常 1 个汉字、1 个英文字母、1 个数字或 1 个符号计为 1 个 token。","0.0008","元/千Tokens"
"大语言模型输出（Doubao-pro-32k）-知识库","使用知识库，调用 Doubao 大语言模型服务，根据检索召回的结果生成智能回复。","按输入的 tokens 计量。通常 1 个汉字、1 个英文字母、1 个数字或 1 个符号计为 1 个 token。","0.002","元/千Tokens"
"大语言模型输入（Doubao-lite-128k）-知识库","使用知识库，调用 Doubao 大语言模型服务，根据检索召回的结果生成智能回复。","按输入的 tokens 计量。通常 1 个汉字、1 个英文字母、1 个数字或 1 个符号计为 1 个 token。","0.0008","元/千Tokens"
"大语言模型输出（Doubao-lite-128k）-知识库","使用知识库，调用 Doubao 大语言模型服务，根据检索召回的结果生成智能回复。","按输入的 tokens 计量。通常 1 个汉字、1 个英文字母、1 个数字或 1 个符号计为 1 个 token。","0.001","元/千Tokens"
"大语言模型输入（Doubao-lite-32k）-知识库","使用知识库，调用 Doubao 大语言模型服务，根据检索召回的结果生成智能回复。","按输入的 tokens 计量。通常 1 个汉字、1 个英文字母、1 个数字或 1 个符号计为 1 个 token。","0.0003","元/千Tokens"
"大语言模型输出（Doubao-lite-32k）-知识库","使用知识库，调用 Doubao 大语言模型服务，根据检索召回的结果生成智能回复。","按输入的 tokens 计量。通常 1 个汉字、1 个英文字母、1 个数字或 1 个符号计为 1 个 token。","0.0006","元/千Tokens"
,
,
,
官方组件名称,计费说明,单价,单位,免费额度
"联网资源","支持实时搜索互联网公开域内容","[0, 20000], 0；(20000, +∞), 0.004","元/次","2万次/月"
"头条资源","支持实时搜索今日头条图文内容，并提供内容详情信息供展示交互卡片","0.006","元/次","无"
"抖音资源","支持实时搜索抖音视频、抖音百科内容，并提供内容详情信息供展示交互卡片","0.006","元/次","无"
"墨迹天气","支持实时搜索墨迹天气内容资源","0.006","元/次","无"
,
,
,
模型服务,模型版本,按小时后付费,单价（元/个）
"字节跳动","Doubao-1.5-pro-32k","Doubao-1.5-pro-32k TPM保障包（小时后付费）- 输入-每10K TPM","1.92"
"字节跳动","Doubao-1.5-pro-32k","Doubao-1.5-pro-32k TPM保障包（小时后付费）- 输出-每1K TPM","0.48"
"字节跳动","Doubao-1.5-pro-32k","Doubao-1.5-lite-32k TPM保障包（小时后付费）- 输入-每10K TPM","0.72"
"字节跳动","Doubao-1.5-pro-32k","Doubao-1.5-lite-32k TPM保障包（小时后付费）- 输出-每1K TPM","0.144"
"字节跳动","Doubao-1.5-lite-32k","Doubao-pro-32k TPM保障包（小时后付费）- 输入-每10K TPM","1.92"
"字节跳动","Doubao-1.5-lite-32k","Doubao-pro-32k TPM保障包（小时后付费）- 输出-每1K TPM","0.48"
"字节跳动","Doubao-1.5-lite-32k","DeepSeek-R1 TPM保障包（小时后付费）- 输入-每10K TPM","9.6"
"字节跳动","Doubao-1.5-lite-32k","DeepSeek-R1 TPM保障包（小时后付费）- 输出-每1K TPM","3.84"
"字节跳动","Doubao-pro-32k","DeepSeek-V3 TPM保障包（小时后付费）- 输入-每10K TPM","4.8"
"字节跳动","Doubao-pro-32k","DeepSeek-V3 TPM保障包（小时后付费）- 输出-每1K TPM","1.92"
,
,
,
模型服务,模型版本,按天预付费,单价（元/个）
"字节跳动","Doubao-1.5-pro-32k","Doubao-1.5-pro-32k TPM保障包（包天预付费）- 输入-每10K TPM",-
"字节跳动","Doubao-1.5-pro-32k","Doubao-1.5-pro-32k TPM保障包（包天预付费）- 输出-每1K TPM",-
"字节跳动","Doubao-1.5-pro-32k","Doubao-1.5-lite-32k TPM保障包（包天预付费）- 输入-每10K TPM",-
"字节跳动","Doubao-1.5-pro-32k","Doubao-1.5-lite-32k TPM保障包（包天预付费）- 输出-每1K TPM",-
"字节跳动","Doubao-1.5-lite-32k","Doubao-pro-32k TPM保障包（包天预付费）- 输入-每10K TPM",-
"字节跳动","Doubao-1.5-lite-32k","Doubao-pro-32k TPM保障包（包天预付费）- 输出-每1K TPM",-
"字节跳动","Doubao-1.5-lite-32k","DeepSeek-R1 TPM保障包（包天预付费）- 输入-每10K TPM",-
"字节跳动","Doubao-1.5-lite-32k","DeepSeek-R1 TPM保障包（包天预付费）- 输出-每1K TPM",-
"字节跳动","Doubao-pro-32k","DeepSeek-V3 TPM保障包（包天预付费）- 输入-每10K TPM",-
"字节跳动","Doubao-pro-32k","DeepSeek-V3 TPM保障包（包天预付费）- 输出-每1K TPM",-