区域,计费项,单价（单位：元/GB/月）
"中国内地","标准存储","0.099"
"中国内地","低频存储","0.08"
"中国内地","低频存储数据取回","0.0325"
"中国内地","归档存储数据取回","0.0396"
"中国内地","归档存储","0.2"
,
,
,
区域,计费项,单价（单位：元/GB）
"中国内地","媒资流出流量","0.5"
,
,
,
编码方式,分辨率,正常任务单价（单位：元/分钟）,闲时任务单价（单位：元/分钟）
"视频 (H.264)","4K（3840x2160）及以下","0.28","0.084"
"视频 (H.264)","2K（2560x1440）及以下","0.14","0.042"
"视频 (H.264)","1080P（1920x1080）及以下","0.0651","0.01953"
"视频 (H.264)","720P（1280x720）及以下","0.0326","0.00978"
"视频 (H.264)","540P（720x540）及以下","0.0271","0.00813"
"视频 (H.264)","480P （640x480）及以下","0.0217","0.00651"
"视频 (H.264)","360P（480x360）及以下","0.0145","0.00435"
"视频 (H.264)","240P（320x240）及以下","0.0116","0.00348"
,
,
,
编码方式,分辨率,正常任务单价（单位：元/分钟）,闲时任务单价（单位：元/分钟）
"视频 (H.265)","4K（3840x2160）及以下","1.4","0.42"
"视频 (H.265)","2K（2560x1440）及以下","0.7","0.21"
"视频 (H.265)","1080P（1920x1080）及以下","0.3255","0.09765"
"视频 (H.265)","720P（1280x720）及以下","0.163","0.0489"
"视频 (H.265)","540P（720x540）及以下","0.1357","0.04071"
"视频 (H.265)","480P （640x480）及以下","0.1085","0.03255"
"视频 (H.265)","360P（480x360）及以下","0.0723","0.02169"
"视频 (H.265)","240P（320x240）及以下","0.0578","0.01734"
,
,
,
编码方式,分辨率,正常任务单价（单位：元/分钟）,闲时任务单价（单位：元/分钟）
"转封装","-","0.007","0.0021"
,
,
,
编码方式,分辨率,正常任务单价（单位：元/分钟）,闲时任务单价（单位：元/分钟）
"音频转码","-","0.007","0.00168"
,
,
,
编码方式,分辨率,正常任务单价（单位：元/分钟）,闲时任务单价（单位：元/分钟）
"视频 (H.264)","4K（3840x2160）及以下","0.14","0.0168"
"视频 (H.264)","2K（2560x1440）及以下","0.07","0.0084"
"视频 (H.264)","1080P（1920x1080）及以下","0.0326","0.00392"
"视频 (H.264)","720P（1280x720）及以下","0.0163","0.00196"
"视频 (H.264)","540P（720x540）及以下","0.0136","0.00164"
"视频 (H.264)","480P （640x480）及以下","0.0109","0.00132"
"视频 (H.264)","360P（480x360）及以下","0.0073","0.00088"
"视频 (H.264)","240P（320x240）及以下","0.0058","0.00068"
,
,
,
编码方式,分辨率,正常任务单价（单位：元/分钟）,闲时任务单价（单位：元/分钟）
"视频 (H.265)","4K（3840x2160）及以下","0.7","0.021"
"视频 (H.265)","2K（2560x1440）及以下","0.35","0.0105"
"视频 (H.265)","1080P（1920x1080）及以下","0.1628","0.00488"
"视频 (H.265)","720P（1280x720）及以下","0.0815","0.00245"
"视频 (H.265)","540P（720x540）及以下","0.0679","0.00204"
"视频 (H.265)","480P （640x480）及以下","0.0543","0.00163"
"视频 (H.265)","360P（480x360）及以下","0.0362","0.00108"
"视频 (H.265)","240P（320x240）及以下","0.0289","0.00087"
,
,
,
编码方式,分辨率,正常任务单价（单位：元/分钟）
"视频 (H.264)","4K（3840 x 2160）及以下","0.27"
"视频 (H.264)","2K（2560 x 1440）及以下","0.008"
"视频 (H.264)","1080P（1920 x 1080）及以下","0.0729"
"视频 (H.264)","720P（1280 x 720）及以下","0.0428"
"视频 (H.264)","540P（720 x 540）及以下","0.0293"
"视频 (H.264)","480P（640 x 480）及以下","0.0162"
"视频 (H.264)","360P (480 x 360) 及以下","0.0129"
"视频 (H.264)","240P（320 x 240）及以下","0.135"
,
,
,
编码方式,分辨率,正常任务单价（单位：元/分钟）
"视频 (H.265)","4K（3840 x 2160）及以下","1.35"
"视频 (H.265)","2K（2560 x 1440）及以下","0.04"
"视频 (H.265)","1080P（1920 x 1080）及以下","0.3645"
"视频 (H.265)","720P（1280 x 720）及以下","0.21"
"视频 (H.265)","540P（720 x 540）及以下","0.146"
"视频 (H.265)","480P（640 x 480）及以下","0.08"
"视频 (H.265)","360P (480 x 360) 及以下","0.06"
"视频 (H.265)","240P（320 x 240）及以下","0.675"
,
,
,
编码方式,分辨率,正常任务单价（单位：元/分钟）,闲时任务单价（单位：元/分钟）
"视频 (H.264)","4K（3840x2160）及以下","0.84","0.252"
"视频 (H.264)","2K（2560x1440）及以下","0.42","0.126"
"视频 (H.264)","1080P（1920x1080）及以下","0.1953","0.05859"
"视频 (H.264)","720P（1280x720）及以下","0.0981","0.02943"
"视频 (H.264)","540P（720x540）及以下","0.084","0.0252"
"视频 (H.264)","480P （640x480）及以下","0.066","0.0198"
"视频 (H.264)","360P（480x360）及以下","0.048","0.0144"
"视频 (H.264)","240P（320x240）及以下","0.0348","0.01044"
,
,
,
编码方式,分辨率,正常任务单价（单位：元/分钟）,闲时任务单价（单位：元/分钟）
"视频 (H.265)","4K（3840x2160）及以下","4.2","1.26"
"视频 (H.265)","2K（2560x1440）及以下","2.1","0.63"
"视频 (H.265)","1080P（1920x1080）及以下","0.9765","0.29295"
"视频 (H.265)","720P（1280x720）及以下","0.489","0.1467"
"视频 (H.265)","540P（720x540）及以下","0.4065","0.12195"
"视频 (H.265)","480P （640x480）及以下","0.3255","0.09765"
"视频 (H.265)","360P（480x360）及以下","0.225","0.0675"
"视频 (H.265)","240P（320x240）及以下","0.174","0.0522"
,
,
,
计费项,正常任务单价（单位：元/分钟）,闲时任务单价（单位：元/分钟）
"截图","0.1","0.03"
,
,
,
计费项,正常任务单价（单位：元/分钟）,闲时任务单价（单位：元/分钟）
"智能超分","2.7","0.81"
"智能插帧","8","2.4"
"SDRToHDR","1","0.3"
"SDR 增强","0.5","0.15"
"音频降噪","0.1","0.03"
,
,
,
计费项,正常任务单价,闲时任务单价
"画质检测-VQScore","0.1 元 /分钟","-"
"视频分类","0.1 元 /分钟","0.03 元/分钟"
"水印检测","0.1 元 /分钟","0.03 元/分钟"
"精彩剪辑","0.1 元 /分钟","0.03 元/分钟"
"语音转写字幕","0.42 元 /分钟","0.126 元/分钟（说明 ：如果语音转字幕获取失败，点播不会计费。）"
"机器翻译字幕（量级 > 200 万字符）","49 元/百万字符/月","14.7 元/百万字符/月"
,
,
,
计费项,单价
"实时截图","0.1 元/千次"
"实时获取音视频信息","0.1 元/千次"
,
,
,
流量阶梯（元/GB）,中国内地,亚太一区,亚太二区,亚太三区,欧洲,中东,南美,北美
"0 - 10 TB (含)","0.22","0.423","0.55","0.657","0.294","0.794","0.668","0.294"
"10 TB - 50 TB (含)","0.21","0.367","0.459","0.56","0.241","0.754","0.635","0.241"
"50 TB  -100 TB (含)","0.18","0.325","0.423","0.486","0.187","0.675","0.568","0.187"
"100 TB - 1 PB (含)","0.16","0.296","0.353","0.433","0.147","0.635","0.535","0.147"
"大于 1 PB","0.15","0.282","0.318","0.403","0.127","0.595","0.501","0.127"
,
,
,
计费区,覆盖说明
"中国内地 - CN","中国内地各省份，不包括中国香港、中国澳门和中国台湾"
"亚太一区 - AP1","中国香港、中国澳门、新加坡、日本、泰国、马来西亚、柬埔寨"
"亚太二区 - AP2","中国台湾、印度、印度尼西亚、菲律宾、越南、巴基斯坦"
"亚太三区 - AP3","韩国、澳大利亚、新西兰等除中国内地、亚太一区、亚太二区的亚太区国家"
"欧洲","俄罗斯、法国、西班牙、德国、英国、荷兰等"
"中东和非洲","土耳其、沙特阿拉伯、阿联酋、南非"
"南美","巴西"
"北美","美国、加拿大"
,
,
,
区域,日峰值带宽阶梯,单价（单位：元/Mbps/日）
"中国内地","0 - 1 Gbps (含)","0.6"
"中国内地","1 Gbps  - 10 Gbps (含)","0.57"
"中国内地","10 Gbps - 20 Gbps (含)","0.54"
"中国内地","大于 20 Gbps","0.5"
,
,
,
视频剪辑输出规格,单价（单位：元/分钟）
"4K（3840 x 2160）及以下","0.24"
"2K（2560 x 1440）及以下","0.12"
"1080P（1920 x 1080）及以下","0.06"
"720P（1280 x 720）及以下","0.03"
"540P（720 x 540）及以下","0.02"
"480P（640 x 480）及以下","0.015"
"360P (480 x 360) 及以下（含音频）","0.01"
,
,
,
SDK 版本,License 价格,说明
"点播 SDK 基础版","1999 元/年","提供工单服务，不包含技术支持等专家服务。"
"点播 SDK 高级版","请联系您的商务经理进行咨询。","支持增值服务，提供技术支持等专家服务。"
"点播 SDK 企业版","请联系您的商务经理进行咨询。","包含高级版所有功能，支持更多增值服务：H.265 硬解优化、客户端超分、自适应码率等，后续能力持续增加中。"
"点播 SDK 企业版 PRO","请联系您的商务经理进行咨询。","针对企业定制开发,功能可自行选择。"
,
,
,
资源包类型,单价
"媒资管理资源包 - 100 GB","8.25"
"媒资管理资源包 - 500 GB","40.50"
"媒资管理资源包 - 1 TB","83.25"
"媒资管理资源包 - 5 TB","414.75"
"媒资管理资源包 - 20 TB","1659.00"
"媒资管理资源包 - 100 TB","8294.25"
,
,
,
资源包类型,单价
"媒资管理资源包 - 100 GB","99.00"
"媒资管理资源包 - 500 GB","486.00"
"媒资管理资源包 - 1 TB","999.00"
"媒资管理资源包 - 5 TB","4977.00"
"媒资管理资源包 - 20 TB","19908.00"
"媒资管理资源包 - 100 TB","99531.00"
,
,
,
资源包类型,单价
"音视频转码时长资源包 - 5 千分钟","86.00"
"音视频转码时长资源包 - 2 万分钟","303.00"
"音视频转码时长资源包 - 10 万分钟","1475.00"
"音视频转码时长资源包 - 50 万分钟","4882.00"
,
,
,
转码类型,编码格式,分辨率,抵扣比例
"转封装","不涉及","不涉及","1:0.323"
"音频转码","不涉及","不涉及","1:0.258"
,
,
,
转码类型,编码格式,分辨率,抵扣比例
"标准转码","H.264","4K（3840 x 2160）及以下","1:13"
"标准转码","H.264","2K（2560 x 1440）及以下","1:6.5"
"标准转码","H.264","1080P（1920 x 1080）及以下","1:3"
"标准转码","H.264","720P（1280 x 720）及以下","1:1.5"
"标准转码","H.264","540P（720 x 540）及以下","1:1.5"
"标准转码","H.264","480P（640 x 480）及以下","1:1"
"标准转码","H.264","360P (480 x 360) 及以下","1:0.7"
"标准转码","H.264","240P（320 x 240）及以下","1:0.6"
"标准转码","H.265","4K（3840 x 2160）及以下","1:65"
"标准转码","H.265","2K（2560 x 1440）及以下","1:32"
"标准转码","H.265","1080P（1920 x 1080）及以下","1:15"
"标准转码","H.265","720P（1280 x 720）及以下","1:7.5"
"标准转码","H.265","540P（720 x 540）及以下","1:6.5"
"标准转码","H.265","480P（640 x 480）及以下","1:5"
"标准转码","H.265","360P (480 x 360) 及以下","1:3.5"
"标准转码","H.265","240P（320 x 240）及以下","1:2.5"
,
,
,
转码类型,编码格式,分辨率,抵扣比例
"极智超清","H.264","4K（3840 x 2160）及以下","1:38.71"
"极智超清","H.264","2K（2560 x 1440）及以下","1:19.35"
"极智超清","H.264","1080P（1920 x 1080）及以下","1:9"
"极智超清","H.264","720P（1280 x 720）及以下","1:4.52"
"极智超清","H.264","540P（720 x 540）及以下","1:3,87"
"极智超清","H.264","480P（640 x 480）及以下","1:3.04"
"极智超清","H.264","360P (480 x 360) 及以下","1:2.21"
"极智超清","H.264","240P（320 x 240）及以下","1:1.6"
"极智超清","H.265","4K（3840 x 2160）及以下","1:193.55"
"极智超清","H.265","2K（2560 x 1440）及以下","1:96.77"
"极智超清","H.265","1080P（1920 x 1080）及以下","1:45"
"极智超清","H.265","720P（1280 x 720）及以下","1:22.53"
"极智超清","H.265","540P（720 x 540）及以下","1:18.73"
"极智超清","H.265","480P（640 x 480）及以下","1:15"
"极智超清","H.265","360P (480 x 360) 及以下","1:10.37"
"极智超清","H.265","240P（320 x 240）及以下","1:8.02"
,
,
,
资源包类型,单价
"音频转码时长资源包 - 30 万分钟","1176.00"
"音频转码时长资源包 - 100 万分钟","3360.00"
,
,
,
资源包类型,单价
"视频分发流量资源包 - 100 G","17.00"
"视频分发流量资源包 - 500 G","80.75"
"视频分发流量资源包 - 1 TB","153.00"
"视频分发流量资源包 - 5 TB","765.00"
"视频分发流量资源包 - 10 TB","1530.00"
"视频分发流量资源包 - 50 TB","7225.00"
,
,
,
资源包类型,单价
"视频分发流量资源包 - 100 G","20.00"
"视频分发流量资源包 - 500 G","95.00"
"视频分发流量资源包 - 1 TB","180.00"
"视频分发流量资源包 - 5 TB","900.00"
"视频分发流量资源包 - 10 TB","1800.00"
"视频分发流量资源包 - 50 TB","8500.00"
"视频分发流量资源包 - 200 TB","21800.00"
"视频分发流量资源包  -1 PB","100000.00"
,
,
,
区域,流量资源包抵扣比例
"中国内地","1"
"亚太一区 AP1","1.88"
"亚太二区 AP2","2.12"
"亚太三区 AP3","2.69"
"南美 SA","3.34"
"北美 NA","0.85"
"欧洲 EU","0.85"
"中东 ME","3.97"
,
,
,
资源包类型,单价
"基础处理服务","10 万/次"
"影视级处理服务","50 万/次"
"院线级处理服务","100 万/次"